IB878,01-01-2024,04:44,05:55,130,60.0,
IB878,02-01-2024,04:44,05:55,130,60.0,
IB878,04-01-2024,04:44,05:55,130,60.0,
IB878,05-01-2024,04:44,05:55,130,60.0,
IB878,07-01-2024,04:44,05:55,130,60.0,
IB878,08-01-2024,04:44,05:55,130,60.0,
IB878,09-01-2024,04:44,05:55,130,60.0,
IB878,11-01-2024,04:44,05:55,130,60.0,
IB878,12-01-2024,04:44,05:55,130,60.0,
IB878,14-01-2024,04:44,05:55,130,60.0,
IB878,15-01-2024,04:44,05:55,130,60.0,
IB878,16-01-2024,04:44,05:55,130,60.0,
IB878,18-01-2024,04:44,05:55,130,60.0,
IB878,19-01-2024,04:44,05:55,130,60.0,
IB878,21-01-2024,04:44,05:55,130,60.0,
IB878,22-01-2024,04:44,05:55,130,60.0,
IB878,23-01-2024,04:44,05:55,130,60.0,
IB878,25-01-2024,04:44,05:55,130,60.0,
IB878,26-01-2024,04:44,05:55,130,60.0,
IB878,28-01-2024,04:44,05:55,130,60.0,
IB878,29-01-2024,04:44,05:55,130,60.0,
IB878,30-01-2024,04:44,05:55,130,60.0,
IB878,01-02-2024,04:44,05:55,130,60.0,
IB878,02-02-2024,04:44,05:55,130,60.0,
IB878,04-02-2024,04:44,05:55,130,60.0,
IB878,05-02-2024,04:44,05:55,130,60.0,
IB878,06-02-2024,04:44,05:55,130,60.0,
IB878,08-02-2024,04:44,05:55,130,60.0,
IB878,09-02-2024,04:44,05:55,130,60.0,
IB878,11-02-2024,04:44,05:55,130,60.0,
IB878,12-02-2024,04:44,05:55,130,60.0,
IB878,13-02-2024,04:44,05:55,130,60.0,
IB878,15-02-2024,04:44,05:55,130,60.0,
IB878,16-02-2024,04:44,05:55,130,60.0,
IB878,18-02-2024,04:44,05:55,130,60.0,
IB878,19-02-2024,04:44,05:55,130,60.0,
IB878,20-02-2024,04:44,05:55,130,60.0,
IB878,22-02-2024,04:44,05:55,130,60.0,
IB878,23-02-2024,04:44,05:55,130,60.0,
IB878,25-02-2024,04:44,05:55,130,60.0,
IB878,26-02-2024,04:44,05:55,130,60.0,
IB878,27-02-2024,04:44,05:55,130,60.0,
IB878,29-02-2024,04:44,05:55,130,60.0,
IB878,01-03-2024,04:44,05:55,130,60.0,
IB878,03-03-2024,04:44,05:55,130,60.0,
IB878,04-03-2024,04:44,05:55,130,60.0,
IB878,05-03-2024,04:44,05:55,130,60.0,
IB878,07-03-2024,04:44,05:55,130,60.0,
IB878,08-03-2024,04:44,05:55,130,60.0,
IB878,10-03-2024,04:44,05:55,130,60.0,
IB878,11-03-2024,04:44,05:55,130,60.0,
IB878,12-03-2024,04:44,05:55,130,60.0,
IB878,14-03-2024,04:44,05:55,130,60.0,
IB878,15-03-2024,04:44,05:55,130,60.0,
IB878,17-03-2024,04:44,05:55,130,60.0,
IB878,18-03-2024,04:44,05:55,130,60.0,
IB878,19-03-2024,04:44,05:55,130,60.0,
IB878,21-03-2024,04:44,05:55,130,60.0,
IB878,22-03-2024,04:44,05:55,130,60.0,
IB878,24-03-2024,04:44,05:55,130,60.0,
IB878,25-03-2024,04:44,05:55,130,60.0,
IB878,26-03-2024,04:44,05:55,130,60.0,
IB878,28-03-2024,04:44,05:55,130,60.0,
IB878,29-03-2024,04:44,05:55,130,60.0,
IB878,31-03-2024,04:44,05:55,130,60.0,
IB878,01-04-2024,04:44,05:55,130,60.0,
IB878,02-04-2024,04:44,05:55,130,60.0,
IB878,04-04-2024,04:44,05:55,130,60.0,
IB878,05-04-2024,04:44,05:55,130,60.0,
IB878,07-04-2024,04:44,05:55,130,60.0,
IB878,08-04-2024,04:44,05:55,130,60.0,
IB878,09-04-2024,04:44,05:55,130,60.0,
IB878,11-04-2024,04:44,05:55,130,60.0,
IB878,12-04-2024,04:44,05:55,130,60.0,
IB878,14-04-2024,04:44,05:55,130,60.0,
IB878,15-04-2024,04:44,05:55,130,60.0,
IB878,16-04-2024,04:44,05:55,130,60.0,
IB878,18-04-2024,04:44,05:55,130,60.0,
IB878,19-04-2024,04:44,05:55,130,60.0,
IB878,21-04-2024,04:44,05:55,130,60.0,
IB878,22-04-2024,04:44,05:55,130,60.0,
IB878,23-04-2024,04:44,05:55,130,60.0,
IB878,25-04-2024,04:44,05:55,130,60.0,
IB878,26-04-2024,04:44,05:55,130,60.0,
IB878,28-04-2024,04:44,05:55,130,60.0,
IB878,29-04-2024,04:44,05:55,130,60.0,
IB878,30-04-2024,04:44,05:55,130,60.0,
IB878,02-05-2024,04:44,05:55,130,60.0,
IB878,03-05-2024,04:44,05:55,130,60.0,
IB878,05-05-2024,04:44,05:55,130,60.0,
IB878,06-05-2024,04:44,05:55,130,60.0,
IB878,07-05-2024,04:44,05:55,130,60.0,
IB878,09-05-2024,04:44,05:55,130,60.0,
IB878,10-05-2024,04:44,05:55,130,60.0,
IB878,12-05-2024,04:44,05:55,130,60.0,
IB878,13-05-2024,04:44,05:55,130,60.0,
IB878,14-05-2024,04:44,05:55,130,60.0,
IB878,16-05-2024,04:44,05:55,130,60.0,
IB878,17-05-2024,04:44,05:55,130,60.0,
IB878,19-05-2024,04:44,05:55,130,60.0,
IB878,20-05-2024,04:44,05:55,130,60.0,
IB878,21-05-2024,04:44,05:55,130,60.0,
IB878,23-05-2024,04:44,05:55,130,60.0,
IB878,24-05-2024,04:44,05:55,130,60.0,
IB878,26-05-2024,04:44,05:55,130,60.0,
IB878,27-05-2024,04:44,05:55,130,60.0,
IB878,28-05-2024,04:44,05:55,130,60.0,
IB878,30-05-2024,04:44,05:55,130,60.0,
IB878,31-05-2024,04:44,05:55,130,60.0,
IB878,02-06-2024,04:44,05:55,130,60.0,
IB878,03-06-2024,04:44,05:55,130,60.0,
IB878,04-06-2024,04:44,05:55,130,60.0,
IB878,06-06-2024,04:44,05:55,130,60.0,
IB878,07-06-2024,04:44,05:55,130,60.0,
IB878,09-06-2024,04:44,05:55,130,60.0,
IB878,10-06-2024,04:44,05:55,130,60.0,
IB878,11-06-2024,04:44,05:55,130,60.0,
IB878,13-06-2024,04:44,05:55,130,60.0,
IB878,14-06-2024,04:44,05:55,130,60.0,
IB878,16-06-2024,04:44,05:55,130,60.0,
IB878,17-06-2024,04:44,05:55,130,60.0,
IB878,18-06-2024,04:44,05:55,130,60.0,
IB878,20-06-2024,04:44,05:55,130,60.0,
IB878,21-06-2024,04:44,05:55,130,60.0,
IB878,23-06-2024,04:44,05:55,130,60.0,
IB878,24-06-2024,04:44,05:55,130,60.0,
IB878,25-06-2024,04:44,05:55,130,60.0,
IB878,27-06-2024,04:44,05:55,130,60.0,
IB878,28-06-2024,04:44,05:55,130,60.0,
IB878,30-06-2024,04:44,05:55,130,60.0,
IB878,01-07-2024,04:44,05:55,130,60.0,
IB878,02-07-2024,04:44,05:55,130,60.0,
IB878,04-07-2024,04:44,05:55,130,60.0,
IB878,05-07-2024,04:44,05:55,130,60.0,
IB878,07-07-2024,04:44,05:55,130,60.0,
IB878,08-07-2024,04:44,05:55,130,60.0,
IB878,09-07-2024,04:44,05:55,130,60.0,
IB878,11-07-2024,04:44,05:55,130,60.0,
IB878,12-07-2024,04:44,05:55,130,60.0,
IB878,14-07-2024,04:44,05:55,130,60.0,
IB878,15-07-2024,04:44,05:55,130,60.0,
IB878,16-07-2024,04:44,05:55,130,60.0,
IB878,18-07-2024,04:44,05:55,130,60.0,
IB878,19-07-2024,04:44,05:55,130,60.0,
IB878,21-07-2024,04:44,05:55,130,60.0,
IB878,22-07-2024,04:44,05:55,130,60.0,
IB878,23-07-2024,04:44,05:55,130,60.0,
IB878,25-07-2024,04:44,05:55,130,60.0,
IB878,26-07-2024,04:44,05:55,130,60.0,
IB878,28-07-2024,04:44,05:55,130,60.0,
IB878,29-07-2024,04:44,05:55,130,60.0,
IB878,30-07-2024,04:44,05:55,130,60.0,
IB878,01-08-2024,04:44,05:55,130,60.0,
IB878,02-08-2024,04:44,05:55,130,60.0,
IB878,04-08-2024,04:44,05:55,130,60.0,
IB878,05-08-2024,04:44,05:55,130,60.0,
IB878,06-08-2024,04:44,05:55,130,60.0,
IB878,08-08-2024,04:44,05:55,130,60.0,
IB878,09-08-2024,04:44,05:55,130,60.0,
IB878,11-08-2024,04:44,05:55,130,60.0,
IB878,12-08-2024,04:44,05:55,130,60.0,
IB878,13-08-2024,04:44,05:55,130,60.0,
IB878,15-08-2024,04:44,05:55,130,60.0,
IB878,16-08-2024,04:44,05:55,130,60.0,
IB878,18-08-2024,04:44,05:55,130,60.0,
IB878,19-08-2024,04:44,05:55,130,60.0,
IB878,20-08-2024,04:44,05:55,130,60.0,
IB878,22-08-2024,04:44,05:55,130,60.0,
IB878,23-08-2024,04:44,05:55,130,60.0,
IB878,25-08-2024,04:44,05:55,130,60.0,
IB878,26-08-2024,04:44,05:55,130,60.0,
IB878,27-08-2024,04:44,05:55,130,60.0,
IB878,29-08-2024,04:44,05:55,130,60.0,
IB878,30-08-2024,04:44,05:55,130,60.0,
IB878,01-09-2024,04:44,05:55,130,60.0,
IB878,02-09-2024,04:44,05:55,130,60.0,
IB878,03-09-2024,04:44,05:55,130,60.0,
IB878,05-09-2024,04:44,05:55,130,60.0,
IB878,06-09-2024,04:44,05:55,130,60.0,
IB878,08-09-2024,04:44,05:55,130,60.0,
IB878,09-09-2024,04:44,05:55,130,60.0,
IB878,10-09-2024,04:44,05:55,130,60.0,
IB878,12-09-2024,04:44,05:55,130,60.0,
IB878,13-09-2024,04:44,05:55,130,60.0,
IB878,15-09-2024,04:44,05:55,130,60.0,
IB878,16-09-2024,04:44,05:55,130,60.0,
IB878,17-09-2024,04:44,05:55,130,60.0,
IB878,19-09-2024,04:44,05:55,130,60.0,
IB878,20-09-2024,04:44,05:55,130,60.0,
IB878,22-09-2024,04:44,05:55,130,60.0,
IB878,23-09-2024,04:44,05:55,130,60.0,
IB878,24-09-2024,04:44,05:55,130,60.0,
IB878,26-09-2024,04:44,05:55,130,60.0,
IB878,27-09-2024,04:44,05:55,130,60.0,
IB878,29-09-2024,04:44,05:55,130,60.0,
IB878,30-09-2024,04:44,05:55,130,60.0,
IB878,01-10-2024,04:44,05:55,130,60.0,
IB878,03-10-2024,04:44,05:55,130,60.0,
IB878,04-10-2024,04:44,05:55,130,60.0,
IB878,06-10-2024,04:44,05:55,130,60.0,
IB878,07-10-2024,04:44,05:55,130,60.0,
IB878,08-10-2024,04:44,05:55,130,60.0,
IB878,10-10-2024,04:44,05:55,130,60.0,
IB878,11-10-2024,04:44,05:55,130,60.0,
IB878,13-10-2024,04:44,05:55,130,60.0,
IB878,14-10-2024,04:44,05:55,130,60.0,
IB878,15-10-2024,04:44,05:55,130,60.0,
IB878,17-10-2024,04:44,05:55,130,60.0,
IB878,18-10-2024,04:44,05:55,130,60.0,
IB878,20-10-2024,04:44,05:55,130,60.0,
IB878,21-10-2024,04:44,05:55,130,60.0,
IB878,22-10-2024,04:44,05:55,130,60.0,
IB878,24-10-2024,04:44,05:55,130,60.0,
IB878,25-10-2024,04:44,05:55,130,60.0,
IB878,27-10-2024,04:44,05:55,130,60.0,
IB878,28-10-2024,04:44,05:55,130,60.0,
IB878,29-10-2024,04:44,05:55,130,60.0,
IB878,31-10-2024,04:44,05:55,130,60.0,
IB878,01-11-2024,04:44,05:55,130,60.0,
IB878,03-11-2024,04:44,05:55,130,60.0,
IB878,04-11-2024,04:44,05:55,130,60.0,
IB878,05-11-2024,04:44,05:55,130,60.0,
IB878,07-11-2024,04:44,05:55,130,60.0,
IB878,08-11-2024,04:44,05:55,130,60.0,
IB878,10-11-2024,04:44,05:55,130,60.0,
IB878,11-11-2024,04:44,05:55,130,60.0,
IB878,12-11-2024,04:44,05:55,130,60.0,
IB878,14-11-2024,04:44,05:55,130,60.0,
IB878,15-11-2024,04:44,05:55,130,60.0,
IB878,17-11-2024,04:44,05:55,130,60.0,
IB878,18-11-2024,04:44,05:55,130,60.0,
IB878,19-11-2024,04:44,05:55,130,60.0,
IB878,21-11-2024,04:44,05:55,130,60.0,
IB878,22-11-2024,04:44,05:55,130,60.0,
IB878,24-11-2024,04:44,05:55,130,60.0,
IB878,25-11-2024,04:44,05:55,130,60.0,
IB878,26-11-2024,04:44,05:55,130,60.0,
IB878,28-11-2024,04:44,05:55,130,60.0,
IB878,29-11-2024,04:44,05:55,130,60.0,
IB878,01-12-2024,04:44,05:55,130,60.0,
IB878,02-12-2024,04:44,05:55,130,60.0,
IB878,03-12-2024,04:44,05:55,130,60.0,
IB878,05-12-2024,04:44,05:55,130,60.0,
IB878,06-12-2024,04:44,05:55,130,60.0,
IB878,08-12-2024,04:44,05:55,130,60.0,
IB878,09-12-2024,04:44,05:55,130,60.0,
IB878,10-12-2024,04:44,05:55,130,60.0,
IB878,12-12-2024,04:44,05:55,130,60.0,
IB878,13-12-2024,04:44,05:55,130,60.0,
IB878,15-12-2024,04:44,05:55,130,60.0,
IB878,16-12-2024,04:44,05:55,130,60.0,
IB878,17-12-2024,04:44,05:55,130,60.0,
IB878,19-12-2024,04:44,05:55,130,60.0,
IB878,20-12-2024,04:44,05:55,130,60.0,
IB878,22-12-2024,04:44,05:55,130,60.0,
IB878,23-12-2024,04:44,05:55,130,60.0,
IB878,24-12-2024,04:44,05:55,130,60.0,
IB878,26-12-2024,04:44,05:55,130,60.0,
IB878,27-12-2024,04:44,05:55,130,60.0,
IB878,29-12-2024,04:44,05:55,130,60.0,
IB878,30-12-2024,04:44,05:55,130,60.0,
IB1234,01-01-2024,09:00,10:00,100,60.0,
IB1234,02-01-2024,09:00,10:00,100,60.0,
IB1234,03-01-2024,09:00,10:00,100,60.0,
IB1234,07-01-2024,09:00,10:00,100,60.0,
IB1234,08-01-2024,09:00,10:00,100,60.0,
IB1234,09-01-2024,09:00,10:00,100,60.0,
IB1234,10-01-2024,09:00,10:00,100,60.0,
IB1234,14-01-2024,09:00,10:00,100,60.0,
IB1234,15-01-2024,09:00,10:00,100,60.0,
IB1234,16-01-2024,09:00,10:00,100,60.0,
IB1234,17-01-2024,09:00,10:00,100,60.0,
IB1234,21-01-2024,09:00,10:00,100,60.0,
IB1234,22-01-2024,09:00,10:00,100,60.0,
IB1234,23-01-2024,09:00,10:00,100,60.0,
IB1234,24-01-2024,09:00,10:00,100,60.0,
IB1234,28-01-2024,09:00,10:00,100,60.0,
IB1234,29-01-2024,09:00,10:00,100,60.0,
IB1234,30-01-2024,09:00,10:00,100,60.0,
IB1234,31-01-2024,09:00,10:00,100,60.0,
IB1234,04-02-2024,09:00,10:00,100,60.0,
IB1234,05-02-2024,09:00,10:00,100,60.0,
IB1234,06-02-2024,09:00,10:00,100,60.0,
IB1234,07-02-2024,09:00,10:00,100,60.0,
IB1234,11-02-2024,09:00,10:00,100,60.0,
IB1234,12-02-2024,09:00,10:00,100,60.0,
IB1234,13-02-2024,09:00,10:00,100,60.0,
IB1234,14-02-2024,09:00,10:00,100,60.0,
IB1234,18-02-2024,09:00,10:00,100,60.0,
IB1234,19-02-2024,09:00,10:00,100,60.0,
IB1234,20-02-2024,09:00,10:00,100,60.0,
IB1234,21-02-2024,09:00,10:00,100,60.0,
IB1234,25-02-2024,09:00,10:00,100,60.0,
IB1234,26-02-2024,09:00,10:00,100,60.0,
IB1234,27-02-2024,09:00,10:00,100,60.0,
IB1234,28-02-2024,09:00,10:00,100,60.0,
IB1234,03-03-2024,09:00,10:00,100,60.0,
IB1234,04-03-2024,09:00,10:00,100,60.0,
IB1234,05-03-2024,09:00,10:00,100,60.0,
IB1234,06-03-2024,09:00,10:00,100,60.0,
IB1234,10-03-2024,09:00,10:00,100,60.0,
IB1234,11-03-2024,09:00,10:00,100,60.0,
IB1234,12-03-2024,09:00,10:00,100,60.0,
IB1234,13-03-2024,09:00,10:00,100,60.0,
IB1234,17-03-2024,09:00,10:00,100,60.0,
IB1234,18-03-2024,09:00,10:00,100,60.0,
IB1234,19-03-2024,09:00,10:00,100,60.0,
IB1234,20-03-2024,09:00,10:00,100,60.0,
IB1234,24-03-2024,09:00,10:00,100,60.0,
IB1234,25-03-2024,09:00,10:00,100,60.0,
IB1234,26-03-2024,09:00,10:00,100,60.0,
IB1234,27-03-2024,09:00,10:00,100,60.0,
IB1234,31-03-2024,09:00,10:00,100,60.0,
IB1234,01-04-2024,09:00,10:00,100,60.0,
IB1234,02-04-2024,09:00,10:00,100,60.0,
IB1234,03-04-2024,09:00,10:00,100,60.0,
IB1234,07-04-2024,09:00,10:00,100,60.0,
IB1234,08-04-2024,09:00,10:00,100,60.0,
IB1234,09-04-2024,09:00,10:00,100,60.0,
IB1234,10-04-2024,09:00,10:00,100,60.0,
IB1234,14-04-2024,09:00,10:00,100,60.0,
IB1234,15-04-2024,09:00,10:00,100,60.0,
IB1234,16-04-2024,09:00,10:00,100,60.0,
IB1234,17-04-2024,09:00,10:00,100,60.0,
IB1234,21-04-2024,09:00,10:00,100,60.0,
IB1234,22-04-2024,09:00,10:00,100,60.0,
IB1234,23-04-2024,09:00,10:00,100,60.0,
IB1234,24-04-2024,09:00,10:00,100,60.0,
IB1234,28-04-2024,09:00,10:00,100,60.0,
IB1234,29-04-2024,09:00,10:00,100,60.0,
IB1234,30-04-2024,09:00,10:00,100,60.0,
IB1234,01-05-2024,09:00,10:00,100,60.0,
IB1234,05-05-2024,09:00,10:00,100,60.0,
IB1234,06-05-2024,09:00,10:00,100,60.0,
IB1234,07-05-2024,09:00,10:00,100,60.0,
IB1234,08-05-2024,09:00,10:00,100,60.0,
IB1234,12-05-2024,09:00,10:00,100,60.0,
IB1234,13-05-2024,09:00,10:00,100,60.0,
IB1234,14-05-2024,09:00,10:00,100,60.0,
IB1234,15-05-2024,09:00,10:00,100,60.0,
IB1234,19-05-2024,09:00,10:00,100,60.0,
IB1234,20-05-2024,09:00,10:00,100,60.0,
IB1234,21-05-2024,09:00,10:00,100,60.0,
IB1234,22-05-2024,09:00,10:00,100,60.0,
IB1234,26-05-2024,09:00,10:00,100,60.0,
IB1234,27-05-2024,09:00,10:00,100,60.0,
IB1234,28-05-2024,09:00,10:00,100,60.0,
IB1234,29-05-2024,09:00,10:00,100,60.0,
IB1234,02-06-2024,09:00,10:00,100,60.0,
IB1234,03-06-2024,09:00,10:00,100,60.0,
IB1234,04-06-2024,09:00,10:00,100,60.0,
IB1234,05-06-2024,09:00,10:00,100,60.0,
IB1234,09-06-2024,09:00,10:00,100,60.0,
IB1234,10-06-2024,09:00,10:00,100,60.0,
IB1234,11-06-2024,09:00,10:00,100,60.0,
IB1234,12-06-2024,09:00,10:00,100,60.0,
IB1234,16-06-2024,09:00,10:00,100,60.0,
IB1234,17-06-2024,09:00,10:00,100,60.0,
IB1234,18-06-2024,09:00,10:00,100,60.0,
IB1234,19-06-2024,09:00,10:00,100,60.0,
IB1234,23-06-2024,09:00,10:00,100,60.0,
IB1234,24-06-2024,09:00,10:00,100,60.0,
IB1234,25-06-2024,09:00,10:00,100,60.0,
IB1234,26-06-2024,09:00,10:00,100,60.0,
IB1234,30-06-2024,09:00,10:00,100,60.0,
IB1234,01-07-2024,09:00,10:00,100,60.0,
IB1234,02-07-2024,09:00,10:00,100,60.0,
IB1234,03-07-2024,09:00,10:00,100,60.0,
IB1234,07-07-2024,09:00,10:00,100,60.0,
IB1234,08-07-2024,09:00,10:00,100,60.0,
IB1234,09-07-2024,09:00,10:00,100,60.0,
IB1234,10-07-2024,09:00,10:00,100,60.0,
IB1234,14-07-2024,09:00,10:00,100,60.0,
IB1234,15-07-2024,09:00,10:00,100,60.0,
IB1234,16-07-2024,09:00,10:00,100,60.0,
IB1234,17-07-2024,09:00,10:00,100,60.0,
IB1234,21-07-2024,09:00,10:00,100,60.0,
IB1234,22-07-2024,09:00,10:00,100,60.0,
IB1234,23-07-2024,09:00,10:00,100,60.0,
IB1234,24-07-2024,09:00,10:00,100,60.0,
IB1234,28-07-2024,09:00,10:00,100,60.0,
IB1234,29-07-2024,09:00,10:00,100,60.0,
IB1234,30-07-2024,09:00,10:00,100,60.0,
IB1234,31-07-2024,09:00,10:00,100,60.0,
IB1234,04-08-2024,09:00,10:00,100,60.0,
IB1234,05-08-2024,09:00,10:00,100,60.0,
IB1234,06-08-2024,09:00,10:00,100,60.0,
IB1234,07-08-2024,09:00,10:00,100,60.0,
IB1234,11-08-2024,09:00,10:00,100,60.0,
IB1234,12-08-2024,09:00,10:00,100,60.0,
IB1234,13-08-2024,09:00,10:00,100,60.0,
IB1234,14-08-2024,09:00,10:00,100,60.0,
IB1234,18-08-2024,09:00,10:00,100,60.0,
IB1234,19-08-2024,09:00,10:00,100,60.0,
IB1234,20-08-2024,09:00,10:00,100,60.0,
IB1234,21-08-2024,09:00,10:00,100,60.0,
IB1234,25-08-2024,09:00,10:00,100,60.0,
IB1234,26-08-2024,09:00,10:00,100,60.0,
IB1234,27-08-2024,09:00,10:00,100,60.0,
IB1234,28-08-2024,09:00,10:00,100,60.0,
IB1234,01-09-2024,09:00,10:00,100,60.0,
IB1234,02-09-2024,09:00,10:00,100,60.0,
IB1234,03-09-2024,09:00,10:00,100,60.0,
IB1234,04-09-2024,09:00,10:00,100,60.0,
IB1234,08-09-2024,09:00,10:00,100,60.0,
IB1234,09-09-2024,09:00,10:00,100,60.0,
IB1234,10-09-2024,09:00,10:00,100,60.0,
IB1234,11-09-2024,09:00,10:00,100,60.0,
IB1234,15-09-2024,09:00,10:00,100,60.0,
IB1234,16-09-2024,09:00,10:00,100,60.0,
IB1234,17-09-2024,09:00,10:00,100,60.0,
IB1234,18-09-2024,09:00,10:00,100,60.0,
IB1234,22-09-2024,09:00,10:00,100,60.0,
IB1234,23-09-2024,09:00,10:00,100,60.0,
IB1234,24-09-2024,09:00,10:00,100,60.0,
IB1234,25-09-2024,09:00,10:00,100,60.0,
IB1234,29-09-2024,09:00,10:00,100,60.0,
IB1234,30-09-2024,09:00,10:00,100,60.0,
IB1234,01-10-2024,09:00,10:00,100,60.0,
IB1234,02-10-2024,09:00,10:00,100,60.0,
IB1234,06-10-2024,09:00,10:00,100,60.0,
IB1234,07-10-2024,09:00,10:00,100,60.0,
IB1234,08-10-2024,09:00,10:00,100,60.0,
IB1234,09-10-2024,09:00,10:00,100,60.0,
IB1234,13-10-2024,09:00,10:00,100,60.0,
IB1234,14-10-2024,09:00,10:00,100,60.0,
IB1234,15-10-2024,09:00,10:00,100,60.0,
IB1234,16-10-2024,09:00,10:00,100,60.0,
IB1234,20-10-2024,09:00,10:00,100,60.0,
IB1234,21-10-2024,09:00,10:00,100,60.0,
IB1234,22-10-2024,09:00,10:00,100,60.0,
IB1234,23-10-2024,09:00,10:00,100,60.0,
IB1234,27-10-2024,09:00,10:00,100,60.0,
IB1234,28-10-2024,09:00,10:00,100,60.0,
IB1234,29-10-2024,09:00,10:00,100,60.0,
IB1234,30-10-2024,09:00,10:00,100,60.0,
IB1234,03-11-2024,09:00,10:00,100,60.0,
IB1234,04-11-2024,09:00,10:00,100,60.0,
IB1234,05-11-2024,09:00,10:00,100,60.0,
IB1234,06-11-2024,09:00,10:00,100,60.0,
IB1234,10-11-2024,09:00,10:00,100,60.0,
IB1234,11-11-2024,09:00,10:00,100,60.0,
IB1234,12-11-2024,09:00,10:00,100,60.0,
IB1234,13-11-2024,09:00,10:00,100,60.0,
IB1234,17-11-2024,09:00,10:00,100,60.0,
IB1234,18-11-2024,09:00,10:00,100,60.0,
IB1234,19-11-2024,09:00,10:00,100,60.0,
IB1234,20-11-2024,09:00,10:00,100,60.0,
IB1234,24-11-2024,09:00,10:00,100,60.0,
IB1234,25-11-2024,09:00,10:00,100,60.0,
IB1234,26-11-2024,09:00,10:00,100,60.0,
IB1234,27-11-2024,09:00,10:00,100,60.0,
IB1234,01-12-2024,09:00,10:00,100,60.0,
IB1234,02-12-2024,09:00,10:00,100,60.0,
IB1234,03-12-2024,09:00,10:00,100,60.0,
IB1234,04-12-2024,09:00,10:00,100,60.0,
IB1234,08-12-2024,09:00,10:00,100,60.0,
IB1234,09-12-2024,09:00,10:00,100,60.0,
IB1234,10-12-2024,09:00,10:00,100,60.0,
IB1234,11-12-2024,09:00,10:00,100,60.0,
IB1234,15-12-2024,09:00,10:00,100,60.0,
IB1234,16-12-2024,09:00,10:00,100,60.0,
IB1234,17-12-2024,09:00,10:00,100,60.0,
IB1234,18-12-2024,09:00,10:00,100,60.0,
IB1234,22-12-2024,09:00,10:00,100,60.0,
IB1234,23-12-2024,09:00,10:00,100,60.0,
IB1234,24-12-2024,09:00,10:00,100,60.0,
IB1234,25-12-2024,09:00,10:00,100,60.0,
IB1234,29-12-2024,09:00,10:00,100,60.0,
IB1234,30-12-2024,09:00,10:00,100,60.0,
AE232,02-01-2024,11:12,13:14,65,60.0,
AE232,04-01-2024,11:12,13:14,65,60.0,
AE232,05-01-2024,11:12,13:14,65,60.0,
AE232,06-01-2024,11:12,13:14,65,60.0,
AE232,07-01-2024,11:12,13:14,65,60.0,
AE232,09-01-2024,11:12,13:14,65,60.0,
AE232,11-01-2024,11:12,13:14,65,60.0,
AE232,12-01-2024,11:12,13:14,65,60.0,
AE232,13-01-2024,11:12,13:14,65,60.0,
AE232,14-01-2024,11:12,13:14,65,60.0,
AE232,16-01-2024,11:12,13:14,65,60.0,
AE232,18-01-2024,11:12,13:14,65,60.0,
AE232,19-01-2024,11:12,13:14,65,60.0,
AE232,20-01-2024,11:12,13:14,65,60.0,
AE232,21-01-2024,11:12,13:14,65,60.0,
AE232,23-01-2024,11:12,13:14,65,60.0,
AE232,25-01-2024,11:12,13:14,65,60.0,
AE232,26-01-2024,11:12,13:14,65,60.0,
AE232,27-01-2024,11:12,13:14,65,60.0,
AE232,28-01-2024,11:12,13:14,65,60.0,
AE232,30-01-2024,11:12,13:14,65,60.0,
AE232,01-02-2024,11:12,13:14,65,60.0,
AE232,02-02-2024,11:12,13:14,65,60.0,
AE232,03-02-2024,11:12,13:14,65,60.0,
AE232,04-02-2024,11:12,13:14,65,60.0,
AE232,06-02-2024,11:12,13:14,65,60.0,
AE232,08-02-2024,11:12,13:14,65,60.0,
AE232,09-02-2024,11:12,13:14,65,60.0,
AE232,10-02-2024,11:12,13:14,65,60.0,
AE232,11-02-2024,11:12,13:14,65,60.0,
AE232,13-02-2024,11:12,13:14,65,60.0,
AE232,15-02-2024,11:12,13:14,65,60.0,
AE232,16-02-2024,11:12,13:14,65,60.0,
AE232,17-02-2024,11:12,13:14,65,60.0,
AE232,18-02-2024,11:12,13:14,65,60.0,
AE232,20-02-2024,11:12,13:14,65,60.0,
AE232,22-02-2024,11:12,13:14,65,60.0,
AE232,23-02-2024,11:12,13:14,65,60.0,
AE232,24-02-2024,11:12,13:14,65,60.0,
AE232,25-02-2024,11:12,13:14,65,60.0,
AE232,27-02-2024,11:12,13:14,65,60.0,
AE232,29-02-2024,11:12,13:14,65,60.0,
AE232,01-03-2024,11:12,13:14,65,60.0,
AE232,02-03-2024,11:12,13:14,65,60.0,
AE232,03-03-2024,11:12,13:14,65,60.0,
AE232,05-03-2024,11:12,13:14,65,60.0,
AE232,07-03-2024,11:12,13:14,65,60.0,
AE232,08-03-2024,11:12,13:14,65,60.0,
AE232,09-03-2024,11:12,13:14,65,60.0,
AE232,10-03-2024,11:12,13:14,65,60.0,
AE232,12-03-2024,11:12,13:14,65,60.0,
AE232,14-03-2024,11:12,13:14,65,60.0,
AE232,15-03-2024,11:12,13:14,65,60.0,
AE232,16-03-2024,11:12,13:14,65,60.0,
AE232,17-03-2024,11:12,13:14,65,60.0,
AE232,19-03-2024,11:12,13:14,65,60.0,
AE232,21-03-2024,11:12,13:14,65,60.0,
AE232,22-03-2024,11:12,13:14,65,60.0,
AE232,23-03-2024,11:12,13:14,65,60.0,
AE232,24-03-2024,11:12,13:14,65,60.0,
AE232,26-03-2024,11:12,13:14,65,60.0,
AE232,28-03-2024,11:12,13:14,65,60.0,
AE232,29-03-2024,11:12,13:14,65,60.0,
AE232,30-03-2024,11:12,13:14,65,60.0,
AE232,31-03-2024,11:12,13:14,65,60.0,
AE232,02-04-2024,11:12,13:14,65,60.0,
AE232,04-04-2024,11:12,13:14,65,60.0,
AE232,05-04-2024,11:12,13:14,65,60.0,
AE232,06-04-2024,11:12,13:14,65,60.0,
AE232,07-04-2024,11:12,13:14,65,60.0,
AE232,09-04-2024,11:12,13:14,65,60.0,
AE232,11-04-2024,11:12,13:14,65,60.0,
AE232,12-04-2024,11:12,13:14,65,60.0,
AE232,13-04-2024,11:12,13:14,65,60.0,
AE232,14-04-2024,11:12,13:14,65,60.0,
AE232,16-04-2024,11:12,13:14,65,60.0,
AE232,18-04-2024,11:12,13:14,65,60.0,
AE232,19-04-2024,11:12,13:14,65,60.0,
AE232,20-04-2024,11:12,13:14,65,60.0,
AE232,21-04-2024,11:12,13:14,65,60.0,
AE232,23-04-2024,11:12,13:14,65,60.0,
AE232,25-04-2024,11:12,13:14,65,60.0,
AE232,26-04-2024,11:12,13:14,65,60.0,
AE232,27-04-2024,11:12,13:14,65,60.0,
AE232,28-04-2024,11:12,13:14,65,60.0,
AE232,30-04-2024,11:12,13:14,65,60.0,
AE232,02-05-2024,11:12,13:14,65,60.0,
AE232,03-05-2024,11:12,13:14,65,60.0,
AE232,04-05-2024,11:12,13:14,65,60.0,
AE232,05-05-2024,11:12,13:14,65,60.0,
AE232,07-05-2024,11:12,13:14,65,60.0,
AE232,09-05-2024,11:12,13:14,65,60.0,
AE232,10-05-2024,11:12,13:14,65,60.0,
AE232,11-05-2024,11:12,13:14,65,60.0,
AE232,12-05-2024,11:12,13:14,65,60.0,
AE232,14-05-2024,11:12,13:14,65,60.0,
AE232,16-05-2024,11:12,13:14,65,60.0,
AE232,17-05-2024,11:12,13:14,65,60.0,
AE232,18-05-2024,11:12,13:14,65,60.0,
AE232,19-05-2024,11:12,13:14,65,60.0,
AE232,21-05-2024,11:12,13:14,65,60.0,
AE232,23-05-2024,11:12,13:14,65,60.0,
AE232,24-05-2024,11:12,13:14,65,60.0,
AE232,25-05-2024,11:12,13:14,65,60.0,
AE232,26-05-2024,11:12,13:14,65,60.0,
AE232,28-05-2024,11:12,13:14,65,60.0,
AE232,30-05-2024,11:12,13:14,65,60.0,
AE232,31-05-2024,11:12,13:14,65,60.0,
AE232,01-06-2024,11:12,13:14,65,60.0,
AE232,02-06-2024,11:12,13:14,65,60.0,
AE232,04-06-2024,11:12,13:14,65,60.0,
AE232,06-06-2024,11:12,13:14,65,60.0,
AE232,07-06-2024,11:12,13:14,65,60.0,
AE232,08-06-2024,11:12,13:14,65,60.0,
AE232,09-06-2024,11:12,13:14,65,60.0,
AE232,11-06-2024,11:12,13:14,65,60.0,
AE232,13-06-2024,11:12,13:14,65,60.0,
AE232,14-06-2024,11:12,13:14,65,60.0,
AE232,15-06-2024,11:12,13:14,65,60.0,
AE232,16-06-2024,11:12,13:14,65,60.0,
AE232,18-06-2024,11:12,13:14,65,60.0,
AE232,20-06-2024,11:12,13:14,65,60.0,
AE232,21-06-2024,11:12,13:14,65,60.0,
AE232,22-06-2024,11:12,13:14,65,60.0,
AE232,23-06-2024,11:12,13:14,65,60.0,
AE232,25-06-2024,11:12,13:14,65,60.0,
AE232,27-06-2024,11:12,13:14,65,60.0,
AE232,28-06-2024,11:12,13:14,65,60.0,
AE232,29-06-2024,11:12,13:14,65,60.0,
AE232,30-06-2024,11:12,13:14,65,60.0,
AE232,02-07-2024,11:12,13:14,65,60.0,
AE232,04-07-2024,11:12,13:14,65,60.0,
AE232,05-07-2024,11:12,13:14,65,60.0,
AE232,06-07-2024,11:12,13:14,65,60.0,
AE232,07-07-2024,11:12,13:14,65,60.0,
AE232,09-07-2024,11:12,13:14,65,60.0,
AE232,11-07-2024,11:12,13:14,65,60.0,
AE232,12-07-2024,11:12,13:14,65,60.0,
AE232,13-07-2024,11:12,13:14,65,60.0,
AE232,14-07-2024,11:12,13:14,65,60.0,
AE232,16-07-2024,11:12,13:14,65,60.0,
AE232,18-07-2024,11:12,13:14,65,60.0,
AE232,19-07-2024,11:12,13:14,65,60.0,
AE232,20-07-2024,11:12,13:14,65,60.0,
AE232,21-07-2024,11:12,13:14,65,60.0,
AE232,23-07-2024,11:12,13:14,65,60.0,
AE232,25-07-2024,11:12,13:14,65,60.0,
AE232,26-07-2024,11:12,13:14,65,60.0,
AE232,27-07-2024,11:12,13:14,65,60.0,
AE232,28-07-2024,11:12,13:14,65,60.0,
AE232,30-07-2024,11:12,13:14,65,60.0,
AE232,01-08-2024,11:12,13:14,65,60.0,
AE232,02-08-2024,11:12,13:14,65,60.0,
AE232,03-08-2024,11:12,13:14,65,60.0,
AE232,04-08-2024,11:12,13:14,65,60.0,
AE232,06-08-2024,11:12,13:14,65,60.0,
AE232,08-08-2024,11:12,13:14,65,60.0,
AE232,09-08-2024,11:12,13:14,65,60.0,
AE232,10-08-2024,11:12,13:14,65,60.0,
AE232,11-08-2024,11:12,13:14,65,60.0,
AE232,13-08-2024,11:12,13:14,65,60.0,
AE232,15-08-2024,11:12,13:14,65,60.0,
AE232,16-08-2024,11:12,13:14,65,60.0,
AE232,17-08-2024,11:12,13:14,65,60.0,
AE232,18-08-2024,11:12,13:14,65,60.0,
AE232,20-08-2024,11:12,13:14,65,60.0,
AE232,22-08-2024,11:12,13:14,65,60.0,
AE232,23-08-2024,11:12,13:14,65,60.0,
AE232,24-08-2024,11:12,13:14,65,60.0,
AE232,25-08-2024,11:12,13:14,65,60.0,
AE232,27-08-2024,11:12,13:14,65,60.0,
AE232,29-08-2024,11:12,13:14,65,60.0,
AE232,30-08-2024,11:12,13:14,65,60.0,
AE232,31-08-2024,11:12,13:14,65,60.0,
AE232,01-09-2024,11:12,13:14,65,60.0,
AE232,03-09-2024,11:12,13:14,65,60.0,
AE232,05-09-2024,11:12,13:14,65,60.0,
AE232,06-09-2024,11:12,13:14,65,60.0,
AE232,07-09-2024,11:12,13:14,65,60.0,
AE232,08-09-2024,11:12,13:14,65,60.0,
AE232,10-09-2024,11:12,13:14,65,60.0,
AE232,12-09-2024,11:12,13:14,65,60.0,
AE232,13-09-2024,11:12,13:14,65,60.0,
AE232,14-09-2024,11:12,13:14,65,60.0,
AE232,15-09-2024,11:12,13:14,65,60.0,
AE232,17-09-2024,11:12,13:14,65,60.0,
AE232,19-09-2024,11:12,13:14,65,60.0,
AE232,20-09-2024,11:12,13:14,65,60.0,
AE232,21-09-2024,11:12,13:14,65,60.0,
AE232,22-09-2024,11:12,13:14,65,60.0,
AE232,24-09-2024,11:12,13:14,65,60.0,
AE232,26-09-2024,11:12,13:14,65,60.0,
AE232,27-09-2024,11:12,13:14,65,60.0,
AE232,28-09-2024,11:12,13:14,65,60.0,
AE232,29-09-2024,11:12,13:14,65,60.0,
AE232,01-10-2024,11:12,13:14,65,60.0,
AE232,03-10-2024,11:12,13:14,65,60.0,
AE232,04-10-2024,11:12,13:14,65,60.0,
AE232,05-10-2024,11:12,13:14,65,60.0,
AE232,06-10-2024,11:12,13:14,65,60.0,
AE232,08-10-2024,11:12,13:14,65,60.0,
AE232,10-10-2024,11:12,13:14,65,60.0,
AE232,11-10-2024,11:12,13:14,65,60.0,
AE232,12-10-2024,11:12,13:14,65,60.0,
AE232,13-10-2024,11:12,13:14,65,60.0,
AE232,15-10-2024,11:12,13:14,65,60.0,
AE232,17-10-2024,11:12,13:14,65,60.0,
AE232,18-10-2024,11:12,13:14,65,60.0,
AE232,19-10-2024,11:12,13:14,65,60.0,
AE232,20-10-2024,11:12,13:14,65,60.0,
AE232,22-10-2024,11:12,13:14,65,60.0,
AE232,24-10-2024,11:12,13:14,65,60.0,
AE232,25-10-2024,11:12,13:14,65,60.0,
AE232,26-10-2024,11:12,13:14,65,60.0,
AE232,27-10-2024,11:12,13:14,65,60.0,
AE232,29-10-2024,11:12,13:14,65,60.0,
AE232,31-10-2024,11:12,13:14,65,60.0,
AE232,01-11-2024,11:12,13:14,65,60.0,
AE232,02-11-2024,11:12,13:14,65,60.0,
AE232,03-11-2024,11:12,13:14,65,60.0,
AE232,05-11-2024,11:12,13:14,65,60.0,
AE232,07-11-2024,11:12,13:14,65,60.0,
AE232,08-11-2024,11:12,13:14,65,60.0,
AE232,09-11-2024,11:12,13:14,65,60.0,
AE232,10-11-2024,11:12,13:14,65,60.0,
AE232,12-11-2024,11:12,13:14,65,60.0,
AE232,14-11-2024,11:12,13:14,65,60.0,
AE232,15-11-2024,11:12,13:14,65,60.0,
AE232,16-11-2024,11:12,13:14,65,60.0,
AE232,17-11-2024,11:12,13:14,65,60.0,
AE232,19-11-2024,11:12,13:14,65,60.0,
AE232,21-11-2024,11:12,13:14,65,60.0,
AE232,22-11-2024,11:12,13:14,65,60.0,
AE232,23-11-2024,11:12,13:14,65,60.0,
AE232,24-11-2024,11:12,13:14,65,60.0,
AE232,26-11-2024,11:12,13:14,65,60.0,
AE232,28-11-2024,11:12,13:14,65,60.0,
AE232,29-11-2024,11:12,13:14,65,60.0,
AE232,30-11-2024,11:12,13:14,65,60.0,
AE232,01-12-2024,11:12,13:14,65,60.0,
AE232,03-12-2024,11:12,13:14,65,60.0,
AE232,05-12-2024,11:12,13:14,65,60.0,
AE232,06-12-2024,11:12,13:14,65,60.0,
AE232,07-12-2024,11:12,13:14,65,60.0,
AE232,08-12-2024,11:12,13:14,65,60.0,
AE232,10-12-2024,11:12,13:14,65,60.0,
AE232,12-12-2024,11:12,13:14,65,60.0,
AE232,13-12-2024,11:12,13:14,65,60.0,
AE232,14-12-2024,11:12,13:14,65,60.0,
AE232,15-12-2024,11:12,13:14,65,60.0,
AE232,17-12-2024,11:12,13:14,65,60.0,
AE232,19-12-2024,11:12,13:14,65,60.0,
AE232,20-12-2024,11:12,13:14,65,60.0,
AE232,21-12-2024,11:12,13:14,65,60.0,
AE232,22-12-2024,11:12,13:14,65,60.0,
AE232,24-12-2024,11:12,13:14,65,60.0,
AE232,26-12-2024,11:12,13:14,65,60.0,
AE232,27-12-2024,11:12,13:14,65,60.0,
AE232,28-12-2024,11:12,13:14,65,60.0,
AE232,29-12-2024,11:12,13:14,65,60.0,
VT789,01-01-2024,09:00,15:00,78,60.0,
VT789,02-01-2024,09:00,15:00,78,60.0,
VT789,04-01-2024,09:00,15:00,78,60.0,
VT789,05-01-2024,09:00,15:00,78,60.0,
VT789,07-01-2024,09:00,15:00,78,60.0,
VT789,08-01-2024,09:00,15:00,78,60.0,
VT789,09-01-2024,09:00,15:00,78,60.0,
VT789,11-01-2024,09:00,15:00,78,60.0,
VT789,12-01-2024,09:00,15:00,78,60.0,
VT789,14-01-2024,09:00,15:00,78,60.0,
VT789,15-01-2024,09:00,15:00,78,60.0,
VT789,16-01-2024,09:00,15:00,78,60.0,
VT789,18-01-2024,09:00,15:00,78,60.0,
VT789,19-01-2024,09:00,15:00,78,60.0,
VT789,21-01-2024,09:00,15:00,78,60.0,
VT789,22-01-2024,09:00,15:00,78,60.0,
VT789,23-01-2024,09:00,15:00,78,60.0,
VT789,25-01-2024,09:00,15:00,78,60.0,
VT789,26-01-2024,09:00,15:00,78,60.0,
VT789,28-01-2024,09:00,15:00,78,60.0,
VT789,29-01-2024,09:00,15:00,78,60.0,
VT789,30-01-2024,09:00,15:00,78,60.0,
VT789,01-02-2024,09:00,15:00,78,60.0,
VT789,02-02-2024,09:00,15:00,78,60.0,
VT789,04-02-2024,09:00,15:00,78,60.0,
VT789,05-02-2024,09:00,15:00,78,60.0,
VT789,06-02-2024,09:00,15:00,78,60.0,
VT789,08-02-2024,09:00,15:00,78,60.0,
VT789,09-02-2024,09:00,15:00,78,60.0,
VT789,11-02-2024,09:00,15:00,78,60.0,
VT789,12-02-2024,09:00,15:00,78,60.0,
VT789,13-02-2024,09:00,15:00,78,60.0,
VT789,15-02-2024,09:00,15:00,78,60.0,
VT789,16-02-2024,09:00,15:00,78,60.0,
VT789,18-02-2024,09:00,15:00,78,60.0,
VT789,19-02-2024,09:00,15:00,78,60.0,
VT789,20-02-2024,09:00,15:00,78,60.0,
VT789,22-02-2024,09:00,15:00,78,60.0,
VT789,23-02-2024,09:00,15:00,78,60.0,
VT789,25-02-2024,09:00,15:00,78,60.0,
VT789,26-02-2024,09:00,15:00,78,60.0,
VT789,27-02-2024,09:00,15:00,78,60.0,
VT789,29-02-2024,09:00,15:00,78,60.0,
VT789,01-03-2024,09:00,15:00,78,60.0,
VT789,03-03-2024,09:00,15:00,78,60.0,
VT789,04-03-2024,09:00,15:00,78,60.0,
VT789,05-03-2024,09:00,15:00,78,60.0,
VT789,07-03-2024,09:00,15:00,78,60.0,
VT789,08-03-2024,09:00,15:00,78,60.0,
VT789,10-03-2024,09:00,15:00,78,60.0,
VT789,11-03-2024,09:00,15:00,78,60.0,
VT789,12-03-2024,09:00,15:00,78,60.0,
VT789,14-03-2024,09:00,15:00,78,60.0,
VT789,15-03-2024,09:00,15:00,78,60.0,
VT789,17-03-2024,09:00,15:00,78,60.0,
VT789,18-03-2024,09:00,15:00,78,60.0,
VT789,19-03-2024,09:00,15:00,78,60.0,
VT789,21-03-2024,09:00,15:00,78,60.0,
VT789,22-03-2024,09:00,15:00,78,60.0,
VT789,24-03-2024,09:00,15:00,78,60.0,
VT789,25-03-2024,09:00,15:00,78,60.0,
VT789,26-03-2024,09:00,15:00,78,60.0,
VT789,28-03-2024,09:00,15:00,78,60.0,
VT789,29-03-2024,09:00,15:00,78,60.0,
VT789,31-03-2024,09:00,15:00,78,60.0,
VT789,01-04-2024,09:00,15:00,78,60.0,
VT789,02-04-2024,09:00,15:00,78,60.0,
VT789,04-04-2024,09:00,15:00,78,60.0,
VT789,05-04-2024,09:00,15:00,78,60.0,
VT789,07-04-2024,09:00,15:00,78,60.0,
VT789,08-04-2024,09:00,15:00,78,60.0,
VT789,09-04-2024,09:00,15:00,78,60.0,
VT789,11-04-2024,09:00,15:00,78,60.0,
VT789,12-04-2024,09:00,15:00,78,60.0,
VT789,14-04-2024,09:00,15:00,78,60.0,
VT789,15-04-2024,09:00,15:00,78,60.0,
VT789,16-04-2024,09:00,15:00,78,60.0,
VT789,18-04-2024,09:00,15:00,78,60.0,
VT789,19-04-2024,09:00,15:00,78,60.0,
VT789,21-04-2024,09:00,15:00,78,60.0,
VT789,22-04-2024,09:00,15:00,78,60.0,
VT789,23-04-2024,09:00,15:00,78,60.0,
VT789,25-04-2024,09:00,15:00,78,60.0,
VT789,26-04-2024,09:00,15:00,78,60.0,
VT789,28-04-2024,09:00,15:00,78,60.0,
VT789,29-04-2024,09:00,15:00,78,60.0,
VT789,30-04-2024,09:00,15:00,78,60.0,
VT789,02-05-2024,09:00,15:00,78,60.0,
VT789,03-05-2024,09:00,15:00,78,60.0,
VT789,05-05-2024,09:00,15:00,78,60.0,
VT789,06-05-2024,09:00,15:00,78,60.0,
VT789,07-05-2024,09:00,15:00,78,60.0,
VT789,09-05-2024,09:00,15:00,78,60.0,
VT789,10-05-2024,09:00,15:00,78,60.0,
VT789,12-05-2024,09:00,15:00,78,60.0,
VT789,13-05-2024,09:00,15:00,78,60.0,
VT789,14-05-2024,09:00,15:00,78,60.0,
VT789,16-05-2024,09:00,15:00,78,60.0,
VT789,17-05-2024,09:00,15:00,78,60.0,
VT789,19-05-2024,09:00,15:00,78,60.0,
VT789,20-05-2024,09:00,15:00,78,60.0,
VT789,21-05-2024,09:00,15:00,78,60.0,
VT789,23-05-2024,09:00,15:00,78,60.0,
VT789,24-05-2024,09:00,15:00,78,60.0,
VT789,26-05-2024,09:00,15:00,78,60.0,
VT789,27-05-2024,09:00,15:00,78,60.0,
VT789,28-05-2024,09:00,15:00,78,60.0,
VT789,30-05-2024,09:00,15:00,78,60.0,
VT789,31-05-2024,09:00,15:00,78,60.0,
VT789,02-06-2024,09:00,15:00,78,60.0,
VT789,03-06-2024,09:00,15:00,78,60.0,
VT789,04-06-2024,09:00,15:00,78,60.0,
VT789,06-06-2024,09:00,15:00,78,60.0,
VT789,07-06-2024,09:00,15:00,78,60.0,
VT789,09-06-2024,09:00,15:00,78,60.0,
VT789,10-06-2024,09:00,15:00,78,60.0,
VT789,11-06-2024,09:00,15:00,78,60.0,
VT789,13-06-2024,09:00,15:00,78,60.0,
VT789,14-06-2024,09:00,15:00,78,60.0,
VT789,16-06-2024,09:00,15:00,78,60.0,
VT789,17-06-2024,09:00,15:00,78,60.0,
VT789,18-06-2024,09:00,15:00,78,60.0,
VT789,20-06-2024,09:00,15:00,78,60.0,
VT789,21-06-2024,09:00,15:00,78,60.0,
VT789,23-06-2024,09:00,15:00,78,60.0,
VT789,24-06-2024,09:00,15:00,78,60.0,
VT789,25-06-2024,09:00,15:00,78,60.0,
VT789,27-06-2024,09:00,15:00,78,60.0,
VT789,28-06-2024,09:00,15:00,78,60.0,
VT789,30-06-2024,09:00,15:00,78,60.0,
VT789,01-07-2024,09:00,15:00,78,60.0,
VT789,02-07-2024,09:00,15:00,78,60.0,
VT789,04-07-2024,09:00,15:00,78,60.0,
VT789,05-07-2024,09:00,15:00,78,60.0,
VT789,07-07-2024,09:00,15:00,78,60.0,
VT789,08-07-2024,09:00,15:00,78,60.0,
VT789,09-07-2024,09:00,15:00,78,60.0,
VT789,11-07-2024,09:00,15:00,78,60.0,
VT789,12-07-2024,09:00,15:00,78,60.0,
VT789,14-07-2024,09:00,15:00,78,60.0,
VT789,15-07-2024,09:00,15:00,78,60.0,
VT789,16-07-2024,09:00,15:00,78,60.0,
VT789,18-07-2024,09:00,15:00,78,60.0,
VT789,19-07-2024,09:00,15:00,78,60.0,
VT789,21-07-2024,09:00,15:00,78,60.0,
VT789,22-07-2024,09:00,15:00,78,60.0,
VT789,23-07-2024,09:00,15:00,78,60.0,
VT789,25-07-2024,09:00,15:00,78,60.0,
VT789,26-07-2024,09:00,15:00,78,60.0,
VT789,28-07-2024,09:00,15:00,78,60.0,
VT789,29-07-2024,09:00,15:00,78,60.0,
VT789,30-07-2024,09:00,15:00,78,60.0,
VT789,01-08-2024,09:00,15:00,78,60.0,
VT789,02-08-2024,09:00,15:00,78,60.0,
VT789,04-08-2024,09:00,15:00,78,60.0,
VT789,05-08-2024,09:00,15:00,78,60.0,
VT789,06-08-2024,09:00,15:00,78,60.0,
VT789,08-08-2024,09:00,15:00,78,60.0,
VT789,09-08-2024,09:00,15:00,78,60.0,
VT789,11-08-2024,09:00,15:00,78,60.0,
VT789,12-08-2024,09:00,15:00,78,60.0,
VT789,13-08-2024,09:00,15:00,78,60.0,
VT789,15-08-2024,09:00,15:00,78,60.0,
VT789,16-08-2024,09:00,15:00,78,60.0,
VT789,18-08-2024,09:00,15:00,78,60.0,
VT789,19-08-2024,09:00,15:00,78,60.0,
VT789,20-08-2024,09:00,15:00,78,60.0,
VT789,22-08-2024,09:00,15:00,78,60.0,
VT789,23-08-2024,09:00,15:00,78,60.0,
VT789,25-08-2024,09:00,15:00,78,60.0,
VT789,26-08-2024,09:00,15:00,78,60.0,
VT789,27-08-2024,09:00,15:00,78,60.0,
VT789,29-08-2024,09:00,15:00,78,60.0,
VT789,30-08-2024,09:00,15:00,78,60.0,
VT789,01-09-2024,09:00,15:00,78,60.0,
VT789,02-09-2024,09:00,15:00,78,60.0,
VT789,03-09-2024,09:00,15:00,78,60.0,
VT789,05-09-2024,09:00,15:00,78,60.0,
VT789,06-09-2024,09:00,15:00,78,60.0,
VT789,08-09-2024,09:00,15:00,78,60.0,
VT789,09-09-2024,09:00,15:00,78,60.0,
VT789,10-09-2024,09:00,15:00,78,60.0,
VT789,12-09-2024,09:00,15:00,78,60.0,
VT789,13-09-2024,09:00,15:00,78,60.0,
VT789,15-09-2024,09:00,15:00,78,60.0,
VT789,16-09-2024,09:00,15:00,78,60.0,
VT789,17-09-2024,09:00,15:00,78,60.0,
VT789,19-09-2024,09:00,15:00,78,60.0,
VT789,20-09-2024,09:00,15:00,78,60.0,
VT789,22-09-2024,09:00,15:00,78,60.0,
VT789,23-09-2024,09:00,15:00,78,60.0,
VT789,24-09-2024,09:00,15:00,78,60.0,
VT789,26-09-2024,09:00,15:00,78,60.0,
VT789,27-09-2024,09:00,15:00,78,60.0,
VT789,29-09-2024,09:00,15:00,78,60.0,
VT789,30-09-2024,09:00,15:00,78,60.0,
VT789,01-10-2024,09:00,15:00,78,60.0,
VT789,03-10-2024,09:00,15:00,78,60.0,
VT789,04-10-2024,09:00,15:00,78,60.0,
VT789,06-10-2024,09:00,15:00,78,60.0,
VT789,07-10-2024,09:00,15:00,78,60.0,
VT789,08-10-2024,09:00,15:00,78,60.0,
VT789,10-10-2024,09:00,15:00,78,60.0,
VT789,11-10-2024,09:00,15:00,78,60.0,
VT789,13-10-2024,09:00,15:00,78,60.0,
VT789,14-10-2024,09:00,15:00,78,60.0,
VT789,15-10-2024,09:00,15:00,78,60.0,
VT789,17-10-2024,09:00,15:00,78,60.0,
VT789,18-10-2024,09:00,15:00,78,60.0,
VT789,20-10-2024,09:00,15:00,78,60.0,
VT789,21-10-2024,09:00,15:00,78,60.0,
VT789,22-10-2024,09:00,15:00,78,60.0,
VT789,24-10-2024,09:00,15:00,78,60.0,
VT789,25-10-2024,09:00,15:00,78,60.0,
VT789,27-10-2024,09:00,15:00,78,60.0,
VT789,28-10-2024,09:00,15:00,78,60.0,
VT789,29-10-2024,09:00,15:00,78,60.0,
VT789,31-10-2024,09:00,15:00,78,60.0,
VT789,01-11-2024,09:00,15:00,78,60.0,
VT789,03-11-2024,09:00,15:00,78,60.0,
VT789,04-11-2024,09:00,15:00,78,60.0,
VT789,05-11-2024,09:00,15:00,78,60.0,
VT789,07-11-2024,09:00,15:00,78,60.0,
VT789,08-11-2024,09:00,15:00,78,60.0,
VT789,10-11-2024,09:00,15:00,78,60.0,
VT789,11-11-2024,09:00,15:00,78,60.0,
VT789,12-11-2024,09:00,15:00,78,60.0,
VT789,14-11-2024,09:00,15:00,78,60.0,
VT789,15-11-2024,09:00,15:00,78,60.0,
VT789,17-11-2024,09:00,15:00,78,60.0,
VT789,18-11-2024,09:00,15:00,78,60.0,
VT789,19-11-2024,09:00,15:00,78,60.0,
VT789,21-11-2024,09:00,15:00,78,60.0,
VT789,22-11-2024,09:00,15:00,78,60.0,
VT789,24-11-2024,09:00,15:00,78,60.0,
VT789,25-11-2024,09:00,15:00,78,60.0,
VT789,26-11-2024,09:00,15:00,78,60.0,
VT789,28-11-2024,09:00,15:00,78,60.0,
VT789,29-11-2024,09:00,15:00,78,60.0,
VT789,01-12-2024,09:00,15:00,78,60.0,
VT789,02-12-2024,09:00,15:00,78,60.0,
VT789,03-12-2024,09:00,15:00,78,60.0,
VT789,05-12-2024,09:00,15:00,78,60.0,
VT789,06-12-2024,09:00,15:00,78,60.0,
VT789,08-12-2024,09:00,15:00,78,60.0,
VT789,09-12-2024,09:00,15:00,78,60.0,
VT789,10-12-2024,09:00,15:00,78,60.0,
VT789,12-12-2024,09:00,15:00,78,60.0,
VT789,13-12-2024,09:00,15:00,78,60.0,
VT789,15-12-2024,09:00,15:00,78,60.0,
VT789,16-12-2024,09:00,15:00,78,60.0,
VT789,17-12-2024,09:00,15:00,78,60.0,
VT789,19-12-2024,09:00,15:00,78,60.0,
VT789,20-12-2024,09:00,15:00,78,60.0,
VT789,22-12-2024,09:00,15:00,78,60.0,
VT789,23-12-2024,09:00,15:00,78,60.0,
VT789,24-12-2024,09:00,15:00,78,60.0,
VT789,26-12-2024,09:00,15:00,78,60.0,
VT789,27-12-2024,09:00,15:00,78,60.0,
VT789,29-12-2024,09:00,15:00,78,60.0,
VT789,30-12-2024,09:00,15:00,78,60.0,
IB666,01-01-2024,05:00,07:55,150,60.0,
IB666,02-01-2024,05:00,07:55,150,60.0,
IB666,03-01-2024,05:00,07:55,150,60.0,
IB666,04-01-2024,05:00,07:55,150,60.0,
IB666,05-01-2024,05:00,07:55,150,60.0,
IB666,08-01-2024,05:00,07:55,150,60.0,
IB666,09-01-2024,05:00,07:55,150,60.0,
IB666,10-01-2024,05:00,07:55,150,60.0,
IB666,11-01-2024,05:00,07:55,150,60.0,
IB666,12-01-2024,05:00,07:55,150,60.0,
IB666,15-01-2024,05:00,07:55,150,60.0,
IB666,16-01-2024,05:00,07:55,150,60.0,
IB666,17-01-2024,05:00,07:55,150,60.0,
IB666,18-01-2024,05:00,07:55,150,60.0,
IB666,19-01-2024,05:00,07:55,150,60.0,
IB666,22-01-2024,05:00,07:55,150,60.0,
IB666,23-01-2024,05:00,07:55,150,60.0,
IB666,24-01-2024,05:00,07:55,150,60.0,
IB666,25-01-2024,05:00,07:55,150,60.0,
IB666,26-01-2024,05:00,07:55,150,60.0,
IB666,29-01-2024,05:00,07:55,150,60.0,
IB666,30-01-2024,05:00,07:55,150,60.0,
IB666,31-01-2024,05:00,07:55,150,60.0,
IB666,01-02-2024,05:00,07:55,150,60.0,
IB666,02-02-2024,05:00,07:55,150,60.0,
IB666,05-02-2024,05:00,07:55,150,60.0,
IB666,06-02-2024,05:00,07:55,150,60.0,
IB666,07-02-2024,05:00,07:55,150,60.0,
IB666,08-02-2024,05:00,07:55,150,60.0,
IB666,09-02-2024,05:00,07:55,150,60.0,
IB666,12-02-2024,05:00,07:55,150,60.0,
IB666,13-02-2024,05:00,07:55,150,60.0,
IB666,14-02-2024,05:00,07:55,150,60.0,
IB666,15-02-2024,05:00,07:55,150,60.0,
IB666,16-02-2024,05:00,07:55,150,60.0,
IB666,19-02-2024,05:00,07:55,150,60.0,
IB666,20-02-2024,05:00,07:55,150,60.0,
IB666,21-02-2024,05:00,07:55,150,60.0,
IB666,22-02-2024,05:00,07:55,150,60.0,
IB666,23-02-2024,05:00,07:55,150,60.0,
IB666,26-02-2024,05:00,07:55,150,60.0,
IB666,27-02-2024,05:00,07:55,150,60.0,
IB666,28-02-2024,05:00,07:55,150,60.0,
IB666,29-02-2024,05:00,07:55,150,60.0,
IB666,01-03-2024,05:00,07:55,150,60.0,
IB666,04-03-2024,05:00,07:55,150,60.0,
IB666,05-03-2024,05:00,07:55,150,60.0,
IB666,06-03-2024,05:00,07:55,150,60.0,
IB666,07-03-2024,05:00,07:55,150,60.0,
IB666,08-03-2024,05:00,07:55,150,60.0,
IB666,11-03-2024,05:00,07:55,150,60.0,
IB666,12-03-2024,05:00,07:55,150,60.0,
IB666,13-03-2024,05:00,07:55,150,60.0,
IB666,14-03-2024,05:00,07:55,150,60.0,
IB666,15-03-2024,05:00,07:55,150,60.0,
IB666,18-03-2024,05:00,07:55,150,60.0,
IB666,19-03-2024,05:00,07:55,150,60.0,
IB666,20-03-2024,05:00,07:55,150,60.0,
IB666,21-03-2024,05:00,07:55,150,60.0,
IB666,22-03-2024,05:00,07:55,150,60.0,
IB666,25-03-2024,05:00,07:55,150,60.0,
IB666,26-03-2024,05:00,07:55,150,60.0,
IB666,27-03-2024,05:00,07:55,150,60.0,
IB666,28-03-2024,05:00,07:55,150,60.0,
IB666,29-03-2024,05:00,07:55,150,60.0,
IB666,01-04-2024,05:00,07:55,150,60.0,
IB666,02-04-2024,05:00,07:55,150,60.0,
IB666,03-04-2024,05:00,07:55,150,60.0,
IB666,04-04-2024,05:00,07:55,150,60.0,
IB666,05-04-2024,05:00,07:55,150,60.0,
IB666,08-04-2024,05:00,07:55,150,60.0,
IB666,09-04-2024,05:00,07:55,150,60.0,
IB666,10-04-2024,05:00,07:55,150,60.0,
IB666,11-04-2024,05:00,07:55,150,60.0,
IB666,12-04-2024,05:00,07:55,150,60.0,
IB666,15-04-2024,05:00,07:55,150,60.0,
IB666,16-04-2024,05:00,07:55,150,60.0,
IB666,17-04-2024,05:00,07:55,150,60.0,
IB666,18-04-2024,05:00,07:55,150,60.0,
IB666,19-04-2024,05:00,07:55,150,60.0,
IB666,22-04-2024,05:00,07:55,150,60.0,
IB666,23-04-2024,05:00,07:55,150,60.0,
IB666,24-04-2024,05:00,07:55,150,60.0,
IB666,25-04-2024,05:00,07:55,150,60.0,
IB666,26-04-2024,05:00,07:55,150,60.0,
IB666,29-04-2024,05:00,07:55,150,60.0,
IB666,30-04-2024,05:00,07:55,150,60.0,
IB666,01-05-2024,05:00,07:55,150,60.0,
IB666,02-05-2024,05:00,07:55,150,60.0,
IB666,03-05-2024,05:00,07:55,150,60.0,
IB666,06-05-2024,05:00,07:55,150,60.0,
IB666,07-05-2024,05:00,07:55,150,60.0,
IB666,08-05-2024,05:00,07:55,150,60.0,
IB666,09-05-2024,05:00,07:55,150,60.0,
IB666,10-05-2024,05:00,07:55,150,60.0,
IB666,13-05-2024,05:00,07:55,150,60.0,
IB666,14-05-2024,05:00,07:55,150,60.0,
IB666,15-05-2024,05:00,07:55,150,60.0,
IB666,16-05-2024,05:00,07:55,150,60.0,
IB666,17-05-2024,05:00,07:55,150,60.0,
IB666,20-05-2024,05:00,07:55,150,60.0,
IB666,21-05-2024,05:00,07:55,150,60.0,
IB666,22-05-2024,05:00,07:55,150,60.0,
IB666,23-05-2024,05:00,07:55,150,60.0,
IB666,24-05-2024,05:00,07:55,150,60.0,
IB666,27-05-2024,05:00,07:55,150,60.0,
IB666,28-05-2024,05:00,07:55,150,60.0,
IB666,29-05-2024,05:00,07:55,150,60.0,
IB666,30-05-2024,05:00,07:55,150,60.0,
IB666,31-05-2024,05:00,07:55,150,60.0,
IB666,03-06-2024,05:00,07:55,150,60.0,
IB666,04-06-2024,05:00,07:55,150,60.0,
IB666,05-06-2024,05:00,07:55,150,60.0,
IB666,06-06-2024,05:00,07:55,150,60.0,
IB666,07-06-2024,05:00,07:55,150,60.0,
IB666,10-06-2024,05:00,07:55,150,60.0,
IB666,11-06-2024,05:00,07:55,150,60.0,
IB666,12-06-2024,05:00,07:55,150,60.0,
IB666,13-06-2024,05:00,07:55,150,60.0,
IB666,14-06-2024,05:00,07:55,150,60.0,
IB666,17-06-2024,05:00,07:55,150,60.0,
IB666,18-06-2024,05:00,07:55,150,60.0,
IB666,19-06-2024,05:00,07:55,150,60.0,
IB666,20-06-2024,05:00,07:55,150,60.0,
IB666,21-06-2024,05:00,07:55,150,60.0,
IB666,24-06-2024,05:00,07:55,150,60.0,
IB666,25-06-2024,05:00,07:55,150,60.0,
IB666,26-06-2024,05:00,07:55,150,60.0,
IB666,27-06-2024,05:00,07:55,150,60.0,
IB666,28-06-2024,05:00,07:55,150,60.0,
IB666,01-07-2024,05:00,07:55,150,60.0,
IB666,02-07-2024,05:00,07:55,150,60.0,
IB666,03-07-2024,05:00,07:55,150,60.0,
IB666,04-07-2024,05:00,07:55,150,60.0,
IB666,05-07-2024,05:00,07:55,150,60.0,
IB666,08-07-2024,05:00,07:55,150,60.0,
IB666,09-07-2024,05:00,07:55,150,60.0,
IB666,10-07-2024,05:00,07:55,150,60.0,
IB666,11-07-2024,05:00,07:55,150,60.0,
IB666,12-07-2024,05:00,07:55,150,60.0,
IB666,15-07-2024,05:00,07:55,150,60.0,
IB666,16-07-2024,05:00,07:55,150,60.0,
IB666,17-07-2024,05:00,07:55,150,60.0,
IB666,18-07-2024,05:00,07:55,150,60.0,
IB666,19-07-2024,05:00,07:55,150,60.0,
IB666,22-07-2024,05:00,07:55,150,60.0,
IB666,23-07-2024,05:00,07:55,150,60.0,
IB666,24-07-2024,05:00,07:55,150,60.0,
IB666,25-07-2024,05:00,07:55,150,60.0,
IB666,26-07-2024,05:00,07:55,150,60.0,
IB666,29-07-2024,05:00,07:55,150,60.0,
IB666,30-07-2024,05:00,07:55,150,60.0,
IB666,31-07-2024,05:00,07:55,150,60.0,
IB666,01-08-2024,05:00,07:55,150,60.0,
IB666,02-08-2024,05:00,07:55,150,60.0,
IB666,05-08-2024,05:00,07:55,150,60.0,
IB666,06-08-2024,05:00,07:55,150,60.0,
IB666,07-08-2024,05:00,07:55,150,60.0,
IB666,08-08-2024,05:00,07:55,150,60.0,
IB666,09-08-2024,05:00,07:55,150,60.0,
IB666,12-08-2024,05:00,07:55,150,60.0,
IB666,13-08-2024,05:00,07:55,150,60.0,
IB666,14-08-2024,05:00,07:55,150,60.0,
IB666,15-08-2024,05:00,07:55,150,60.0,
IB666,16-08-2024,05:00,07:55,150,60.0,
IB666,19-08-2024,05:00,07:55,150,60.0,
IB666,20-08-2024,05:00,07:55,150,60.0,
IB666,21-08-2024,05:00,07:55,150,60.0,
IB666,22-08-2024,05:00,07:55,150,60.0,
IB666,23-08-2024,05:00,07:55,150,60.0,
IB666,26-08-2024,05:00,07:55,150,60.0,
IB666,27-08-2024,05:00,07:55,150,60.0,
IB666,28-08-2024,05:00,07:55,150,60.0,
IB666,29-08-2024,05:00,07:55,150,60.0,
IB666,30-08-2024,05:00,07:55,150,60.0,
IB666,02-09-2024,05:00,07:55,150,60.0,
IB666,03-09-2024,05:00,07:55,150,60.0,
IB666,04-09-2024,05:00,07:55,150,60.0,
IB666,05-09-2024,05:00,07:55,150,60.0,
IB666,06-09-2024,05:00,07:55,150,60.0,
IB666,09-09-2024,05:00,07:55,150,60.0,
IB666,10-09-2024,05:00,07:55,150,60.0,
IB666,11-09-2024,05:00,07:55,150,60.0,
IB666,12-09-2024,05:00,07:55,150,60.0,
IB666,13-09-2024,05:00,07:55,150,60.0,
IB666,16-09-2024,05:00,07:55,150,60.0,
IB666,17-09-2024,05:00,07:55,150,60.0,
IB666,18-09-2024,05:00,07:55,150,60.0,
IB666,19-09-2024,05:00,07:55,150,60.0,
IB666,20-09-2024,05:00,07:55,150,60.0,
IB666,23-09-2024,05:00,07:55,150,60.0,
IB666,24-09-2024,05:00,07:55,150,60.0,
IB666,25-09-2024,05:00,07:55,150,60.0,
IB666,26-09-2024,05:00,07:55,150,60.0,
IB666,27-09-2024,05:00,07:55,150,60.0,
IB666,30-09-2024,05:00,07:55,150,60.0,
IB666,01-10-2024,05:00,07:55,150,60.0,
IB666,02-10-2024,05:00,07:55,150,60.0,
IB666,03-10-2024,05:00,07:55,150,60.0,
IB666,04-10-2024,05:00,07:55,150,60.0,
IB666,07-10-2024,05:00,07:55,150,60.0,
IB666,08-10-2024,05:00,07:55,150,60.0,
IB666,09-10-2024,05:00,07:55,150,60.0,
IB666,10-10-2024,05:00,07:55,150,60.0,
IB666,11-10-2024,05:00,07:55,150,60.0,
IB666,14-10-2024,05:00,07:55,150,60.0,
IB666,15-10-2024,05:00,07:55,150,60.0,
IB666,16-10-2024,05:00,07:55,150,60.0,
IB666,17-10-2024,05:00,07:55,150,60.0,
IB666,18-10-2024,05:00,07:55,150,60.0,
IB666,21-10-2024,05:00,07:55,150,60.0,
IB666,22-10-2024,05:00,07:55,150,60.0,
IB666,23-10-2024,05:00,07:55,150,60.0,
IB666,24-10-2024,05:00,07:55,150,60.0,
IB666,25-10-2024,05:00,07:55,150,60.0,
IB666,28-10-2024,05:00,07:55,150,60.0,
IB666,29-10-2024,05:00,07:55,150,60.0,
IB666,30-10-2024,05:00,07:55,150,60.0,
IB666,31-10-2024,05:00,07:55,150,60.0,
IB666,01-11-2024,05:00,07:55,150,60.0,
IB666,04-11-2024,05:00,07:55,150,60.0,
IB666,05-11-2024,05:00,07:55,150,60.0,
IB666,06-11-2024,05:00,07:55,150,60.0,
IB666,07-11-2024,05:00,07:55,150,60.0,
IB666,08-11-2024,05:00,07:55,150,60.0,
IB666,11-11-2024,05:00,07:55,150,60.0,
IB666,12-11-2024,05:00,07:55,150,60.0,
IB666,13-11-2024,05:00,07:55,150,60.0,
IB666,14-11-2024,05:00,07:55,150,60.0,
IB666,15-11-2024,05:00,07:55,150,60.0,
IB666,18-11-2024,05:00,07:55,150,60.0,
IB666,19-11-2024,05:00,07:55,150,60.0,
IB666,20-11-2024,05:00,07:55,150,60.0,
IB666,21-11-2024,05:00,07:55,150,60.0,
IB666,22-11-2024,05:00,07:55,150,60.0,
IB666,25-11-2024,05:00,07:55,150,60.0,
IB666,26-11-2024,05:00,07:55,150,60.0,
IB666,27-11-2024,05:00,07:55,150,60.0,
IB666,28-11-2024,05:00,07:55,150,60.0,
IB666,29-11-2024,05:00,07:55,150,60.0,
IB666,02-12-2024,05:00,07:55,150,60.0,
IB666,03-12-2024,05:00,07:55,150,60.0,
IB666,04-12-2024,05:00,07:55,150,60.0,
IB666,05-12-2024,05:00,07:55,150,60.0,
IB666,06-12-2024,05:00,07:55,150,60.0,
IB666,09-12-2024,05:00,07:55,150,60.0,
IB666,10-12-2024,05:00,07:55,150,60.0,
IB666,11-12-2024,05:00,07:55,150,60.0,
IB666,12-12-2024,05:00,07:55,150,60.0,
IB666,13-12-2024,05:00,07:55,150,60.0,
IB666,16-12-2024,05:00,07:55,150,60.0,
IB666,17-12-2024,05:00,07:55,150,60.0,
IB666,18-12-2024,05:00,07:55,150,60.0,
IB666,19-12-2024,05:00,07:55,150,60.0,
IB666,20-12-2024,05:00,07:55,150,60.0,
IB666,23-12-2024,05:00,07:55,150,60.0,
IB666,24-12-2024,05:00,07:55,150,60.0,
IB666,25-12-2024,05:00,07:55,150,60.0,
IB666,26-12-2024,05:00,07:55,150,60.0,
IB666,27-12-2024,05:00,07:55,150,60.0,
IB666,30-12-2024,05:00,07:55,150,60.0,
VT999,03-01-2024,08:00,08:58,88,60.0,
VT999,04-01-2024,08:00,08:58,88,60.0,
VT999,05-01-2024,08:00,08:58,88,60.0,
VT999,06-01-2024,08:00,08:58,88,60.0,
VT999,07-01-2024,08:00,08:58,88,60.0,
VT999,10-01-2024,08:00,08:58,88,60.0,
VT999,11-01-2024,08:00,08:58,88,60.0,
VT999,12-01-2024,08:00,08:58,88,60.0,
VT999,13-01-2024,08:00,08:58,88,60.0,
VT999,14-01-2024,08:00,08:58,88,60.0,
VT999,17-01-2024,08:00,08:58,88,60.0,
VT999,18-01-2024,08:00,08:58,88,60.0,
VT999,19-01-2024,08:00,08:58,88,60.0,
VT999,20-01-2024,08:00,08:58,88,60.0,
VT999,21-01-2024,08:00,08:58,88,60.0,
VT999,24-01-2024,08:00,08:58,88,60.0,
VT999,25-01-2024,08:00,08:58,88,60.0,
VT999,26-01-2024,08:00,08:58,88,60.0,
VT999,27-01-2024,08:00,08:58,88,60.0,
VT999,28-01-2024,08:00,08:58,88,60.0,
VT999,31-01-2024,08:00,08:58,88,60.0,
VT999,01-02-2024,08:00,08:58,88,60.0,
VT999,02-02-2024,08:00,08:58,88,60.0,
VT999,03-02-2024,08:00,08:58,88,60.0,
VT999,04-02-2024,08:00,08:58,88,60.0,
VT999,07-02-2024,08:00,08:58,88,60.0,
VT999,08-02-2024,08:00,08:58,88,60.0,
VT999,09-02-2024,08:00,08:58,88,60.0,
VT999,10-02-2024,08:00,08:58,88,60.0,
VT999,11-02-2024,08:00,08:58,88,60.0,
VT999,14-02-2024,08:00,08:58,88,60.0,
VT999,15-02-2024,08:00,08:58,88,60.0,
VT999,16-02-2024,08:00,08:58,88,60.0,
VT999,17-02-2024,08:00,08:58,88,60.0,
VT999,18-02-2024,08:00,08:58,88,60.0,
VT999,21-02-2024,08:00,08:58,88,60.0,
VT999,22-02-2024,08:00,08:58,88,60.0,
VT999,23-02-2024,08:00,08:58,88,60.0,
VT999,24-02-2024,08:00,08:58,88,60.0,
VT999,25-02-2024,08:00,08:58,88,60.0,
VT999,28-02-2024,08:00,08:58,88,60.0,
VT999,29-02-2024,08:00,08:58,88,60.0,
VT999,01-03-2024,08:00,08:58,88,60.0,
VT999,02-03-2024,08:00,08:58,88,60.0,
VT999,03-03-2024,08:00,08:58,88,60.0,
VT999,06-03-2024,08:00,08:58,88,60.0,
VT999,07-03-2024,08:00,08:58,88,60.0,
VT999,08-03-2024,08:00,08:58,88,60.0,
VT999,09-03-2024,08:00,08:58,88,60.0,
VT999,10-03-2024,08:00,08:58,88,60.0,
VT999,13-03-2024,08:00,08:58,88,60.0,
VT999,14-03-2024,08:00,08:58,88,60.0,
VT999,15-03-2024,08:00,08:58,88,60.0,
VT999,16-03-2024,08:00,08:58,88,60.0,
VT999,17-03-2024,08:00,08:58,88,60.0,
VT999,20-03-2024,08:00,08:58,88,60.0,
VT999,21-03-2024,08:00,08:58,88,60.0,
VT999,22-03-2024,08:00,08:58,88,60.0,
VT999,23-03-2024,08:00,08:58,88,60.0,
VT999,24-03-2024,08:00,08:58,88,60.0,
VT999,27-03-2024,08:00,08:58,88,60.0,
VT999,28-03-2024,08:00,08:58,88,60.0,
VT999,29-03-2024,08:00,08:58,88,60.0,
VT999,30-03-2024,08:00,08:58,88,60.0,
VT999,31-03-2024,08:00,08:58,88,60.0,
VT999,03-04-2024,08:00,08:58,88,60.0,
VT999,04-04-2024,08:00,08:58,88,60.0,
VT999,05-04-2024,08:00,08:58,88,60.0,
VT999,06-04-2024,08:00,08:58,88,60.0,
VT999,07-04-2024,08:00,08:58,88,60.0,
VT999,10-04-2024,08:00,08:58,88,60.0,
VT999,11-04-2024,08:00,08:58,88,60.0,
VT999,12-04-2024,08:00,08:58,88,60.0,
VT999,13-04-2024,08:00,08:58,88,60.0,
VT999,14-04-2024,08:00,08:58,88,60.0,
VT999,17-04-2024,08:00,08:58,88,60.0,
VT999,18-04-2024,08:00,08:58,88,60.0,
VT999,19-04-2024,08:00,08:58,88,60.0,
VT999,20-04-2024,08:00,08:58,88,60.0,
VT999,21-04-2024,08:00,08:58,88,60.0,
VT999,24-04-2024,08:00,08:58,88,60.0,
VT999,25-04-2024,08:00,08:58,88,60.0,
VT999,26-04-2024,08:00,08:58,88,60.0,
VT999,27-04-2024,08:00,08:58,88,60.0,
VT999,28-04-2024,08:00,08:58,88,60.0,
VT999,01-05-2024,08:00,08:58,88,60.0,
VT999,02-05-2024,08:00,08:58,88,60.0,
VT999,03-05-2024,08:00,08:58,88,60.0,
VT999,04-05-2024,08:00,08:58,88,60.0,
VT999,05-05-2024,08:00,08:58,88,60.0,
VT999,08-05-2024,08:00,08:58,88,60.0,
VT999,09-05-2024,08:00,08:58,88,60.0,
VT999,10-05-2024,08:00,08:58,88,60.0,
VT999,11-05-2024,08:00,08:58,88,60.0,
VT999,12-05-2024,08:00,08:58,88,60.0,
VT999,15-05-2024,08:00,08:58,88,60.0,
VT999,16-05-2024,08:00,08:58,88,60.0,
VT999,17-05-2024,08:00,08:58,88,60.0,
VT999,18-05-2024,08:00,08:58,88,60.0,
VT999,19-05-2024,08:00,08:58,88,60.0,
VT999,22-05-2024,08:00,08:58,88,60.0,
VT999,23-05-2024,08:00,08:58,88,60.0,
VT999,24-05-2024,08:00,08:58,88,60.0,
VT999,25-05-2024,08:00,08:58,88,60.0,
VT999,26-05-2024,08:00,08:58,88,60.0,
VT999,29-05-2024,08:00,08:58,88,60.0,
VT999,30-05-2024,08:00,08:58,88,60.0,
VT999,31-05-2024,08:00,08:58,88,60.0,
VT999,01-06-2024,08:00,08:58,88,60.0,
VT999,02-06-2024,08:00,08:58,88,60.0,
VT999,05-06-2024,08:00,08:58,88,60.0,
VT999,06-06-2024,08:00,08:58,88,60.0,
VT999,07-06-2024,08:00,08:58,88,60.0,
VT999,08-06-2024,08:00,08:58,88,60.0,
VT999,09-06-2024,08:00,08:58,88,60.0,
VT999,12-06-2024,08:00,08:58,88,60.0,
VT999,13-06-2024,08:00,08:58,88,60.0,
VT999,14-06-2024,08:00,08:58,88,60.0,
VT999,15-06-2024,08:00,08:58,88,60.0,
VT999,16-06-2024,08:00,08:58,88,60.0,
VT999,19-06-2024,08:00,08:58,88,60.0,
VT999,20-06-2024,08:00,08:58,88,60.0,
VT999,21-06-2024,08:00,08:58,88,60.0,
VT999,22-06-2024,08:00,08:58,88,60.0,
VT999,23-06-2024,08:00,08:58,88,60.0,
VT999,26-06-2024,08:00,08:58,88,60.0,
VT999,27-06-2024,08:00,08:58,88,60.0,
VT999,28-06-2024,08:00,08:58,88,60.0,
VT999,29-06-2024,08:00,08:58,88,60.0,
VT999,30-06-2024,08:00,08:58,88,60.0,
VT999,03-07-2024,08:00,08:58,88,60.0,
VT999,04-07-2024,08:00,08:58,88,60.0,
VT999,05-07-2024,08:00,08:58,88,60.0,
VT999,06-07-2024,08:00,08:58,88,60.0,
VT999,07-07-2024,08:00,08:58,88,60.0,
VT999,10-07-2024,08:00,08:58,88,60.0,
VT999,11-07-2024,08:00,08:58,88,60.0,
VT999,12-07-2024,08:00,08:58,88,60.0,
VT999,13-07-2024,08:00,08:58,88,60.0,
VT999,14-07-2024,08:00,08:58,88,60.0,
VT999,17-07-2024,08:00,08:58,88,60.0,
VT999,18-07-2024,08:00,08:58,88,60.0,
VT999,19-07-2024,08:00,08:58,88,60.0,
VT999,20-07-2024,08:00,08:58,88,60.0,
VT999,21-07-2024,08:00,08:58,88,60.0,
VT999,24-07-2024,08:00,08:58,88,60.0,
VT999,25-07-2024,08:00,08:58,88,60.0,
VT999,26-07-2024,08:00,08:58,88,60.0,
VT999,27-07-2024,08:00,08:58,88,60.0,
VT999,28-07-2024,08:00,08:58,88,60.0,
VT999,31-07-2024,08:00,08:58,88,60.0,
VT999,01-08-2024,08:00,08:58,88,60.0,
VT999,02-08-2024,08:00,08:58,88,60.0,
VT999,03-08-2024,08:00,08:58,88,60.0,
VT999,04-08-2024,08:00,08:58,88,60.0,
VT999,07-08-2024,08:00,08:58,88,60.0,
VT999,08-08-2024,08:00,08:58,88,60.0,
VT999,09-08-2024,08:00,08:58,88,60.0,
VT999,10-08-2024,08:00,08:58,88,60.0,
VT999,11-08-2024,08:00,08:58,88,60.0,
VT999,14-08-2024,08:00,08:58,88,60.0,
VT999,15-08-2024,08:00,08:58,88,60.0,
VT999,16-08-2024,08:00,08:58,88,60.0,
VT999,17-08-2024,08:00,08:58,88,60.0,
VT999,18-08-2024,08:00,08:58,88,60.0,
VT999,21-08-2024,08:00,08:58,88,60.0,
VT999,22-08-2024,08:00,08:58,88,60.0,
VT999,23-08-2024,08:00,08:58,88,60.0,
VT999,24-08-2024,08:00,08:58,88,60.0,
VT999,25-08-2024,08:00,08:58,88,60.0,
VT999,28-08-2024,08:00,08:58,88,60.0,
VT999,29-08-2024,08:00,08:58,88,60.0,
VT999,30-08-2024,08:00,08:58,88,60.0,
VT999,31-08-2024,08:00,08:58,88,60.0,
VT999,01-09-2024,08:00,08:58,88,60.0,
VT999,04-09-2024,08:00,08:58,88,60.0,
VT999,05-09-2024,08:00,08:58,88,60.0,
VT999,06-09-2024,08:00,08:58,88,60.0,
VT999,07-09-2024,08:00,08:58,88,60.0,
VT999,08-09-2024,08:00,08:58,88,60.0,
VT999,11-09-2024,08:00,08:58,88,60.0,
VT999,12-09-2024,08:00,08:58,88,60.0,
VT999,13-09-2024,08:00,08:58,88,60.0,
VT999,14-09-2024,08:00,08:58,88,60.0,
VT999,15-09-2024,08:00,08:58,88,60.0,
VT999,18-09-2024,08:00,08:58,88,60.0,
VT999,19-09-2024,08:00,08:58,88,60.0,
VT999,20-09-2024,08:00,08:58,88,60.0,
VT999,21-09-2024,08:00,08:58,88,60.0,
VT999,22-09-2024,08:00,08:58,88,60.0,
VT999,25-09-2024,08:00,08:58,88,60.0,
VT999,26-09-2024,08:00,08:58,88,60.0,
VT999,27-09-2024,08:00,08:58,88,60.0,
VT999,28-09-2024,08:00,08:58,88,60.0,
VT999,29-09-2024,08:00,08:58,88,60.0,
VT999,02-10-2024,08:00,08:58,88,60.0,
VT999,03-10-2024,08:00,08:58,88,60.0,
VT999,04-10-2024,08:00,08:58,88,60.0,
VT999,05-10-2024,08:00,08:58,88,60.0,
VT999,06-10-2024,08:00,08:58,88,60.0,
VT999,09-10-2024,08:00,08:58,88,60.0,
VT999,10-10-2024,08:00,08:58,88,60.0,
VT999,11-10-2024,08:00,08:58,88,60.0,
VT999,12-10-2024,08:00,08:58,88,60.0,
VT999,13-10-2024,08:00,08:58,88,60.0,
VT999,16-10-2024,08:00,08:58,88,60.0,
VT999,17-10-2024,08:00,08:58,88,60.0,
VT999,18-10-2024,08:00,08:58,88,60.0,
VT999,19-10-2024,08:00,08:58,88,60.0,
VT999,20-10-2024,08:00,08:58,88,60.0,
VT999,23-10-2024,08:00,08:58,88,60.0,
VT999,24-10-2024,08:00,08:58,88,60.0,
VT999,25-10-2024,08:00,08:58,88,60.0,
VT999,26-10-2024,08:00,08:58,88,60.0,
VT999,27-10-2024,08:00,08:58,88,60.0,
VT999,30-10-2024,08:00,08:58,88,60.0,
VT999,31-10-2024,08:00,08:58,88,60.0,
VT999,01-11-2024,08:00,08:58,88,60.0,
VT999,02-11-2024,08:00,08:58,88,60.0,
VT999,03-11-2024,08:00,08:58,88,60.0,
VT999,06-11-2024,08:00,08:58,88,60.0,
VT999,07-11-2024,08:00,08:58,88,60.0,
VT999,08-11-2024,08:00,08:58,88,60.0,
VT999,09-11-2024,08:00,08:58,88,60.0,
VT999,10-11-2024,08:00,08:58,88,60.0,
VT999,13-11-2024,08:00,08:58,88,60.0,
VT999,14-11-2024,08:00,08:58,88,60.0,
VT999,15-11-2024,08:00,08:58,88,60.0,
VT999,16-11-2024,08:00,08:58,88,60.0,
VT999,17-11-2024,08:00,08:58,88,60.0,
VT999,20-11-2024,08:00,08:58,88,60.0,
VT999,21-11-2024,08:00,08:58,88,60.0,
VT999,22-11-2024,08:00,08:58,88,60.0,
VT999,23-11-2024,08:00,08:58,88,60.0,
VT999,24-11-2024,08:00,08:58,88,60.0,
VT999,27-11-2024,08:00,08:58,88,60.0,
VT999,28-11-2024,08:00,08:58,88,60.0,
VT999,29-11-2024,08:00,08:58,88,60.0,
VT999,30-11-2024,08:00,08:58,88,60.0,
VT999,01-12-2024,08:00,08:58,88,60.0,
VT999,04-12-2024,08:00,08:58,88,60.0,
VT999,05-12-2024,08:00,08:58,88,60.0,
VT999,06-12-2024,08:00,08:58,88,60.0,
VT999,07-12-2024,08:00,08:58,88,60.0,
VT999,08-12-2024,08:00,08:58,88,60.0,
VT999,11-12-2024,08:00,08:58,88,60.0,
VT999,12-12-2024,08:00,08:58,88,60.0,
VT999,13-12-2024,08:00,08:58,88,60.0,
VT999,14-12-2024,08:00,08:58,88,60.0,
VT999,15-12-2024,08:00,08:58,88,60.0,
VT999,18-12-2024,08:00,08:58,88,60.0,
VT999,19-12-2024,08:00,08:58,88,60.0,
VT999,20-12-2024,08:00,08:58,88,60.0,
VT999,21-12-2024,08:00,08:58,88,60.0,
VT999,22-12-2024,08:00,08:58,88,60.0,
VT999,25-12-2024,08:00,08:58,88,60.0,
VT999,26-12-2024,08:00,08:58,88,60.0,
VT999,27-12-2024,08:00,08:58,88,60.0,
VT999,28-12-2024,08:00,08:58,88,60.0,
VT999,29-12-2024,08:00,08:58,88,60.0,
IB121,01-01-2024,10:10,11:10,140,60.0,
IB121,02-01-2024,10:10,11:10,140,60.0,
IB121,03-01-2024,10:10,11:10,140,60.0,
IB121,04-01-2024,10:10,11:10,140,60.0,
IB121,05-01-2024,10:10,11:10,140,60.0,
IB121,07-01-2024,10:10,11:10,140,60.0,
IB121,08-01-2024,10:10,11:10,140,60.0,
IB121,09-01-2024,10:10,11:10,140,60.0,
IB121,10-01-2024,10:10,11:10,140,60.0,
IB121,11-01-2024,10:10,11:10,140,60.0,
IB121,12-01-2024,10:10,11:10,140,60.0,
IB121,14-01-2024,10:10,11:10,140,60.0,
IB121,15-01-2024,10:10,11:10,140,60.0,
IB121,16-01-2024,10:10,11:10,140,60.0,
IB121,17-01-2024,10:10,11:10,140,60.0,
IB121,18-01-2024,10:10,11:10,140,60.0,
IB121,19-01-2024,10:10,11:10,140,60.0,
IB121,21-01-2024,10:10,11:10,140,60.0,
IB121,22-01-2024,10:10,11:10,140,60.0,
IB121,23-01-2024,10:10,11:10,140,60.0,
IB121,24-01-2024,10:10,11:10,140,60.0,
IB121,25-01-2024,10:10,11:10,140,60.0,
IB121,26-01-2024,10:10,11:10,140,60.0,
IB121,28-01-2024,10:10,11:10,140,60.0,
IB121,29-01-2024,10:10,11:10,140,60.0,
IB121,30-01-2024,10:10,11:10,140,60.0,
IB121,31-01-2024,10:10,11:10,140,60.0,
IB121,01-02-2024,10:10,11:10,140,60.0,
IB121,02-02-2024,10:10,11:10,140,60.0,
IB121,04-02-2024,10:10,11:10,140,60.0,
IB121,05-02-2024,10:10,11:10,140,60.0,
IB121,06-02-2024,10:10,11:10,140,60.0,
IB121,07-02-2024,10:10,11:10,140,60.0,
IB121,08-02-2024,10:10,11:10,140,60.0,
IB121,09-02-2024,10:10,11:10,140,60.0,
IB121,11-02-2024,10:10,11:10,140,60.0,
IB121,12-02-2024,10:10,11:10,140,60.0,
IB121,13-02-2024,10:10,11:10,140,60.0,
IB121,14-02-2024,10:10,11:10,140,60.0,
IB121,15-02-2024,10:10,11:10,140,60.0,
IB121,16-02-2024,10:10,11:10,140,60.0,
IB121,18-02-2024,10:10,11:10,140,60.0,
IB121,19-02-2024,10:10,11:10,140,60.0,
IB121,20-02-2024,10:10,11:10,140,60.0,
IB121,21-02-2024,10:10,11:10,140,60.0,
IB121,22-02-2024,10:10,11:10,140,60.0,
IB121,23-02-2024,10:10,11:10,140,60.0,
IB121,25-02-2024,10:10,11:10,140,60.0,
IB121,26-02-2024,10:10,11:10,140,60.0,
IB121,27-02-2024,10:10,11:10,140,60.0,
IB121,28-02-2024,10:10,11:10,140,60.0,
IB121,29-02-2024,10:10,11:10,140,60.0,
IB121,01-03-2024,10:10,11:10,140,60.0,
IB121,03-03-2024,10:10,11:10,140,60.0,
IB121,04-03-2024,10:10,11:10,140,60.0,
IB121,05-03-2024,10:10,11:10,140,60.0,
IB121,06-03-2024,10:10,11:10,140,60.0,
IB121,07-03-2024,10:10,11:10,140,60.0,
IB121,08-03-2024,10:10,11:10,140,60.0,
IB121,10-03-2024,10:10,11:10,140,60.0,
IB121,11-03-2024,10:10,11:10,140,60.0,
IB121,12-03-2024,10:10,11:10,140,60.0,
IB121,13-03-2024,10:10,11:10,140,60.0,
IB121,14-03-2024,10:10,11:10,140,60.0,
IB121,15-03-2024,10:10,11:10,140,60.0,
IB121,17-03-2024,10:10,11:10,140,60.0,
IB121,18-03-2024,10:10,11:10,140,60.0,
IB121,19-03-2024,10:10,11:10,140,60.0,
IB121,20-03-2024,10:10,11:10,140,60.0,
IB121,21-03-2024,10:10,11:10,140,60.0,
IB121,22-03-2024,10:10,11:10,140,60.0,
IB121,24-03-2024,10:10,11:10,140,60.0,
IB121,25-03-2024,10:10,11:10,140,60.0,
IB121,26-03-2024,10:10,11:10,140,60.0,
IB121,27-03-2024,10:10,11:10,140,60.0,
IB121,28-03-2024,10:10,11:10,140,60.0,
IB121,29-03-2024,10:10,11:10,140,60.0,
IB121,31-03-2024,10:10,11:10,140,60.0,
IB121,01-04-2024,10:10,11:10,140,60.0,
IB121,02-04-2024,10:10,11:10,140,60.0,
IB121,03-04-2024,10:10,11:10,140,60.0,
IB121,04-04-2024,10:10,11:10,140,60.0,
IB121,05-04-2024,10:10,11:10,140,60.0,
IB121,07-04-2024,10:10,11:10,140,60.0,
IB121,08-04-2024,10:10,11:10,140,60.0,
IB121,09-04-2024,10:10,11:10,140,60.0,
IB121,10-04-2024,10:10,11:10,140,60.0,
IB121,11-04-2024,10:10,11:10,140,60.0,
IB121,12-04-2024,10:10,11:10,140,60.0,
IB121,14-04-2024,10:10,11:10,140,60.0,
IB121,15-04-2024,10:10,11:10,140,60.0,
IB121,16-04-2024,10:10,11:10,140,60.0,
IB121,17-04-2024,10:10,11:10,140,60.0,
IB121,18-04-2024,10:10,11:10,140,60.0,
IB121,19-04-2024,10:10,11:10,140,60.0,
IB121,21-04-2024,10:10,11:10,140,60.0,
IB121,22-04-2024,10:10,11:10,140,60.0,
IB121,23-04-2024,10:10,11:10,140,60.0,
IB121,24-04-2024,10:10,11:10,140,60.0,
IB121,25-04-2024,10:10,11:10,140,60.0,
IB121,26-04-2024,10:10,11:10,140,60.0,
IB121,28-04-2024,10:10,11:10,140,60.0,
IB121,29-04-2024,10:10,11:10,140,60.0,
IB121,30-04-2024,10:10,11:10,140,60.0,
IB121,01-05-2024,10:10,11:10,140,60.0,
IB121,02-05-2024,10:10,11:10,140,60.0,
IB121,03-05-2024,10:10,11:10,140,60.0,
IB121,05-05-2024,10:10,11:10,140,60.0,
IB121,06-05-2024,10:10,11:10,140,60.0,
IB121,07-05-2024,10:10,11:10,140,60.0,
IB121,08-05-2024,10:10,11:10,140,60.0,
IB121,09-05-2024,10:10,11:10,140,60.0,
IB121,10-05-2024,10:10,11:10,140,60.0,
IB121,12-05-2024,10:10,11:10,140,60.0,
IB121,13-05-2024,10:10,11:10,140,60.0,
IB121,14-05-2024,10:10,11:10,140,60.0,
IB121,15-05-2024,10:10,11:10,140,60.0,
IB121,16-05-2024,10:10,11:10,140,60.0,
IB121,17-05-2024,10:10,11:10,140,60.0,
IB121,19-05-2024,10:10,11:10,140,60.0,
IB121,20-05-2024,10:10,11:10,140,60.0,
IB121,21-05-2024,10:10,11:10,140,60.0,
IB121,22-05-2024,10:10,11:10,140,60.0,
IB121,23-05-2024,10:10,11:10,140,60.0,
IB121,24-05-2024,10:10,11:10,140,60.0,
IB121,26-05-2024,10:10,11:10,140,60.0,
IB121,27-05-2024,10:10,11:10,140,60.0,
IB121,28-05-2024,10:10,11:10,140,60.0,
IB121,29-05-2024,10:10,11:10,140,60.0,
IB121,30-05-2024,10:10,11:10,140,60.0,
IB121,31-05-2024,10:10,11:10,140,60.0,
IB121,02-06-2024,10:10,11:10,140,60.0,
IB121,03-06-2024,10:10,11:10,140,60.0,
IB121,04-06-2024,10:10,11:10,140,60.0,
IB121,05-06-2024,10:10,11:10,140,60.0,
IB121,06-06-2024,10:10,11:10,140,60.0,
IB121,07-06-2024,10:10,11:10,140,60.0,
IB121,09-06-2024,10:10,11:10,140,60.0,
IB121,10-06-2024,10:10,11:10,140,60.0,
IB121,11-06-2024,10:10,11:10,140,60.0,
IB121,12-06-2024,10:10,11:10,140,60.0,
IB121,13-06-2024,10:10,11:10,140,60.0,
IB121,14-06-2024,10:10,11:10,140,60.0,
IB121,16-06-2024,10:10,11:10,140,60.0,
IB121,17-06-2024,10:10,11:10,140,60.0,
IB121,18-06-2024,10:10,11:10,140,60.0,
IB121,19-06-2024,10:10,11:10,140,60.0,
IB121,20-06-2024,10:10,11:10,140,60.0,
IB121,21-06-2024,10:10,11:10,140,60.0,
IB121,23-06-2024,10:10,11:10,140,60.0,
IB121,24-06-2024,10:10,11:10,140,60.0,
IB121,25-06-2024,10:10,11:10,140,60.0,
IB121,26-06-2024,10:10,11:10,140,60.0,
IB121,27-06-2024,10:10,11:10,140,60.0,
IB121,28-06-2024,10:10,11:10,140,60.0,
IB121,30-06-2024,10:10,11:10,140,60.0,
IB121,01-07-2024,10:10,11:10,140,60.0,
IB121,02-07-2024,10:10,11:10,140,60.0,
IB121,03-07-2024,10:10,11:10,140,60.0,
IB121,04-07-2024,10:10,11:10,140,60.0,
IB121,05-07-2024,10:10,11:10,140,60.0,
IB121,07-07-2024,10:10,11:10,140,60.0,
IB121,08-07-2024,10:10,11:10,140,60.0,
IB121,09-07-2024,10:10,11:10,140,60.0,
IB121,10-07-2024,10:10,11:10,140,60.0,
IB121,11-07-2024,10:10,11:10,140,60.0,
IB121,12-07-2024,10:10,11:10,140,60.0,
IB121,14-07-2024,10:10,11:10,140,60.0,
IB121,15-07-2024,10:10,11:10,140,60.0,
IB121,16-07-2024,10:10,11:10,140,60.0,
IB121,17-07-2024,10:10,11:10,140,60.0,
IB121,18-07-2024,10:10,11:10,140,60.0,
IB121,19-07-2024,10:10,11:10,140,60.0,
IB121,21-07-2024,10:10,11:10,140,60.0,
IB121,22-07-2024,10:10,11:10,140,60.0,
IB121,23-07-2024,10:10,11:10,140,60.0,
IB121,24-07-2024,10:10,11:10,140,60.0,
IB121,25-07-2024,10:10,11:10,140,60.0,
IB121,26-07-2024,10:10,11:10,140,60.0,
IB121,28-07-2024,10:10,11:10,140,60.0,
IB121,29-07-2024,10:10,11:10,140,60.0,
IB121,30-07-2024,10:10,11:10,140,60.0,
IB121,31-07-2024,10:10,11:10,140,60.0,
IB121,01-08-2024,10:10,11:10,140,60.0,
IB121,02-08-2024,10:10,11:10,140,60.0,
IB121,04-08-2024,10:10,11:10,140,60.0,
IB121,05-08-2024,10:10,11:10,140,60.0,
IB121,06-08-2024,10:10,11:10,140,60.0,
IB121,07-08-2024,10:10,11:10,140,60.0,
IB121,08-08-2024,10:10,11:10,140,60.0,
IB121,09-08-2024,10:10,11:10,140,60.0,
IB121,11-08-2024,10:10,11:10,140,60.0,
IB121,12-08-2024,10:10,11:10,140,60.0,
IB121,13-08-2024,10:10,11:10,140,60.0,
IB121,14-08-2024,10:10,11:10,140,60.0,
IB121,15-08-2024,10:10,11:10,140,60.0,
IB121,16-08-2024,10:10,11:10,140,60.0,
IB121,18-08-2024,10:10,11:10,140,60.0,
IB121,19-08-2024,10:10,11:10,140,60.0,
IB121,20-08-2024,10:10,11:10,140,60.0,
IB121,21-08-2024,10:10,11:10,140,60.0,
IB121,22-08-2024,10:10,11:10,140,60.0,
IB121,23-08-2024,10:10,11:10,140,60.0,
IB121,25-08-2024,10:10,11:10,140,60.0,
IB121,26-08-2024,10:10,11:10,140,60.0,
IB121,27-08-2024,10:10,11:10,140,60.0,
IB121,28-08-2024,10:10,11:10,140,60.0,
IB121,29-08-2024,10:10,11:10,140,60.0,
IB121,30-08-2024,10:10,11:10,140,60.0,
IB121,01-09-2024,10:10,11:10,140,60.0,
IB121,02-09-2024,10:10,11:10,140,60.0,
IB121,03-09-2024,10:10,11:10,140,60.0,
IB121,04-09-2024,10:10,11:10,140,60.0,
IB121,05-09-2024,10:10,11:10,140,60.0,
IB121,06-09-2024,10:10,11:10,140,60.0,
IB121,08-09-2024,10:10,11:10,140,60.0,
IB121,09-09-2024,10:10,11:10,140,60.0,
IB121,10-09-2024,10:10,11:10,140,60.0,
IB121,11-09-2024,10:10,11:10,140,60.0,
IB121,12-09-2024,10:10,11:10,140,60.0,
IB121,13-09-2024,10:10,11:10,140,60.0,
IB121,15-09-2024,10:10,11:10,140,60.0,
IB121,16-09-2024,10:10,11:10,140,60.0,
IB121,17-09-2024,10:10,11:10,140,60.0,
IB121,18-09-2024,10:10,11:10,140,60.0,
IB121,19-09-2024,10:10,11:10,140,60.0,
IB121,20-09-2024,10:10,11:10,140,60.0,
IB121,22-09-2024,10:10,11:10,140,60.0,
IB121,23-09-2024,10:10,11:10,140,60.0,
IB121,24-09-2024,10:10,11:10,140,60.0,
IB121,25-09-2024,10:10,11:10,140,60.0,
IB121,26-09-2024,10:10,11:10,140,60.0,
IB121,27-09-2024,10:10,11:10,140,60.0,
IB121,29-09-2024,10:10,11:10,140,60.0,
IB121,30-09-2024,10:10,11:10,140,60.0,
IB121,01-10-2024,10:10,11:10,140,60.0,
IB121,02-10-2024,10:10,11:10,140,60.0,
IB121,03-10-2024,10:10,11:10,140,60.0,
IB121,04-10-2024,10:10,11:10,140,60.0,
IB121,06-10-2024,10:10,11:10,140,60.0,
IB121,07-10-2024,10:10,11:10,140,60.0,
IB121,08-10-2024,10:10,11:10,140,60.0,
IB121,09-10-2024,10:10,11:10,140,60.0,
IB121,10-10-2024,10:10,11:10,140,60.0,
IB121,11-10-2024,10:10,11:10,140,60.0,
IB121,13-10-2024,10:10,11:10,140,60.0,
IB121,14-10-2024,10:10,11:10,140,60.0,
IB121,15-10-2024,10:10,11:10,140,60.0,
IB121,16-10-2024,10:10,11:10,140,60.0,
IB121,17-10-2024,10:10,11:10,140,60.0,
IB121,18-10-2024,10:10,11:10,140,60.0,
IB121,20-10-2024,10:10,11:10,140,60.0,
IB121,21-10-2024,10:10,11:10,140,60.0,
IB121,22-10-2024,10:10,11:10,140,60.0,
IB121,23-10-2024,10:10,11:10,140,60.0,
IB121,24-10-2024,10:10,11:10,140,60.0,
IB121,25-10-2024,10:10,11:10,140,60.0,
IB121,27-10-2024,10:10,11:10,140,60.0,
IB121,28-10-2024,10:10,11:10,140,60.0,
IB121,29-10-2024,10:10,11:10,140,60.0,
IB121,30-10-2024,10:10,11:10,140,60.0,
IB121,31-10-2024,10:10,11:10,140,60.0,
IB121,01-11-2024,10:10,11:10,140,60.0,
IB121,03-11-2024,10:10,11:10,140,60.0,
IB121,04-11-2024,10:10,11:10,140,60.0,
IB121,05-11-2024,10:10,11:10,140,60.0,
IB121,06-11-2024,10:10,11:10,140,60.0,
IB121,07-11-2024,10:10,11:10,140,60.0,
IB121,08-11-2024,10:10,11:10,140,60.0,
IB121,10-11-2024,10:10,11:10,140,60.0,
IB121,11-11-2024,10:10,11:10,140,60.0,
IB121,12-11-2024,10:10,11:10,140,60.0,
IB121,13-11-2024,10:10,11:10,140,60.0,
IB121,14-11-2024,10:10,11:10,140,60.0,
IB121,15-11-2024,10:10,11:10,140,60.0,
IB121,17-11-2024,10:10,11:10,140,60.0,
IB121,18-11-2024,10:10,11:10,140,60.0,
IB121,19-11-2024,10:10,11:10,140,60.0,
IB121,20-11-2024,10:10,11:10,140,60.0,
IB121,21-11-2024,10:10,11:10,140,60.0,
IB121,22-11-2024,10:10,11:10,140,60.0,
IB121,24-11-2024,10:10,11:10,140,60.0,
IB121,25-11-2024,10:10,11:10,140,60.0,
IB121,26-11-2024,10:10,11:10,140,60.0,
IB121,27-11-2024,10:10,11:10,140,60.0,
IB121,28-11-2024,10:10,11:10,140,60.0,
IB121,29-11-2024,10:10,11:10,140,60.0,
IB121,01-12-2024,10:10,11:10,140,60.0,
IB121,02-12-2024,10:10,11:10,140,60.0,
IB121,03-12-2024,10:10,11:10,140,60.0,
IB121,04-12-2024,10:10,11:10,140,60.0,
IB121,05-12-2024,10:10,11:10,140,60.0,
IB121,06-12-2024,10:10,11:10,140,60.0,
IB121,08-12-2024,10:10,11:10,140,60.0,
IB121,09-12-2024,10:10,11:10,140,60.0,
IB121,10-12-2024,10:10,11:10,140,60.0,
IB121,11-12-2024,10:10,11:10,140,60.0,
IB121,12-12-2024,10:10,11:10,140,60.0,
IB121,13-12-2024,10:10,11:10,140,60.0,
IB121,15-12-2024,10:10,11:10,140,60.0,
IB121,16-12-2024,10:10,11:10,140,60.0,
IB121,17-12-2024,10:10,11:10,140,60.0,
IB121,18-12-2024,10:10,11:10,140,60.0,
IB121,19-12-2024,10:10,11:10,140,60.0,
IB121,20-12-2024,10:10,11:10,140,60.0,
IB121,22-12-2024,10:10,11:10,140,60.0,
IB121,23-12-2024,10:10,11:10,140,60.0,
IB121,24-12-2024,10:10,11:10,140,60.0,
IB121,25-12-2024,10:10,11:10,140,60.0,
IB121,26-12-2024,10:10,11:10,140,60.0,
IB121,27-12-2024,10:10,11:10,140,60.0,
IB121,29-12-2024,10:10,11:10,140,60.0,
IB121,30-12-2024,10:10,11:10,140,60.0,
VT893,01-01-2024,12:12,13:13,101,60.0,
VT893,02-01-2024,12:12,13:13,101,60.0,
VT893,03-01-2024,12:12,13:13,101,60.0,
VT893,06-01-2024,12:12,13:13,101,60.0,
VT893,07-01-2024,12:12,13:13,101,60.0,
VT893,08-01-2024,12:12,13:13,101,60.0,
VT893,09-01-2024,12:12,13:13,101,60.0,
VT893,10-01-2024,12:12,13:13,101,60.0,
VT893,13-01-2024,12:12,13:13,101,60.0,
VT893,14-01-2024,12:12,13:13,101,60.0,
VT893,15-01-2024,12:12,13:13,101,60.0,
VT893,16-01-2024,12:12,13:13,101,60.0,
VT893,17-01-2024,12:12,13:13,101,60.0,
VT893,20-01-2024,12:12,13:13,101,60.0,
VT893,21-01-2024,12:12,13:13,101,60.0,
VT893,22-01-2024,12:12,13:13,101,60.0,
VT893,23-01-2024,12:12,13:13,101,60.0,
VT893,24-01-2024,12:12,13:13,101,60.0,
VT893,27-01-2024,12:12,13:13,101,60.0,
VT893,28-01-2024,12:12,13:13,101,60.0,
VT893,29-01-2024,12:12,13:13,101,60.0,
VT893,30-01-2024,12:12,13:13,101,60.0,
VT893,31-01-2024,12:12,13:13,101,60.0,
VT893,03-02-2024,12:12,13:13,101,60.0,
VT893,04-02-2024,12:12,13:13,101,60.0,
VT893,05-02-2024,12:12,13:13,101,60.0,
VT893,06-02-2024,12:12,13:13,101,60.0,
VT893,07-02-2024,12:12,13:13,101,60.0,
VT893,10-02-2024,12:12,13:13,101,60.0,
VT893,11-02-2024,12:12,13:13,101,60.0,
VT893,12-02-2024,12:12,13:13,101,60.0,
VT893,13-02-2024,12:12,13:13,101,60.0,
VT893,14-02-2024,12:12,13:13,101,60.0,
VT893,17-02-2024,12:12,13:13,101,60.0,
VT893,18-02-2024,12:12,13:13,101,60.0,
VT893,19-02-2024,12:12,13:13,101,60.0,
VT893,20-02-2024,12:12,13:13,101,60.0,
VT893,21-02-2024,12:12,13:13,101,60.0,
VT893,24-02-2024,12:12,13:13,101,60.0,
VT893,25-02-2024,12:12,13:13,101,60.0,
VT893,26-02-2024,12:12,13:13,101,60.0,
VT893,27-02-2024,12:12,13:13,101,60.0,
VT893,28-02-2024,12:12,13:13,101,60.0,
VT893,02-03-2024,12:12,13:13,101,60.0,
VT893,03-03-2024,12:12,13:13,101,60.0,
VT893,04-03-2024,12:12,13:13,101,60.0,
VT893,05-03-2024,12:12,13:13,101,60.0,
VT893,06-03-2024,12:12,13:13,101,60.0,
VT893,09-03-2024,12:12,13:13,101,60.0,
VT893,10-03-2024,12:12,13:13,101,60.0,
VT893,11-03-2024,12:12,13:13,101,60.0,
VT893,12-03-2024,12:12,13:13,101,60.0,
VT893,13-03-2024,12:12,13:13,101,60.0,
VT893,16-03-2024,12:12,13:13,101,60.0,
VT893,17-03-2024,12:12,13:13,101,60.0,
VT893,18-03-2024,12:12,13:13,101,60.0,
VT893,19-03-2024,12:12,13:13,101,60.0,
VT893,20-03-2024,12:12,13:13,101,60.0,
VT893,23-03-2024,12:12,13:13,101,60.0,
VT893,24-03-2024,12:12,13:13,101,60.0,
VT893,25-03-2024,12:12,13:13,101,60.0,
VT893,26-03-2024,12:12,13:13,101,60.0,
VT893,27-03-2024,12:12,13:13,101,60.0,
VT893,30-03-2024,12:12,13:13,101,60.0,
VT893,31-03-2024,12:12,13:13,101,60.0,
VT893,01-04-2024,12:12,13:13,101,60.0,
VT893,02-04-2024,12:12,13:13,101,60.0,
VT893,03-04-2024,12:12,13:13,101,60.0,
VT893,06-04-2024,12:12,13:13,101,60.0,
VT893,07-04-2024,12:12,13:13,101,60.0,
VT893,08-04-2024,12:12,13:13,101,60.0,
VT893,09-04-2024,12:12,13:13,101,60.0,
VT893,10-04-2024,12:12,13:13,101,60.0,
VT893,13-04-2024,12:12,13:13,101,60.0,
VT893,14-04-2024,12:12,13:13,101,60.0,
VT893,15-04-2024,12:12,13:13,101,60.0,
VT893,16-04-2024,12:12,13:13,101,60.0,
VT893,17-04-2024,12:12,13:13,101,60.0,
VT893,20-04-2024,12:12,13:13,101,60.0,
VT893,21-04-2024,12:12,13:13,101,60.0,
VT893,22-04-2024,12:12,13:13,101,60.0,
VT893,23-04-2024,12:12,13:13,101,60.0,
VT893,24-04-2024,12:12,13:13,101,60.0,
VT893,27-04-2024,12:12,13:13,101,60.0,
VT893,28-04-2024,12:12,13:13,101,60.0,
VT893,29-04-2024,12:12,13:13,101,60.0,
VT893,30-04-2024,12:12,13:13,101,60.0,
VT893,01-05-2024,12:12,13:13,101,60.0,
VT893,04-05-2024,12:12,13:13,101,60.0,
VT893,05-05-2024,12:12,13:13,101,60.0,
VT893,06-05-2024,12:12,13:13,101,60.0,
VT893,07-05-2024,12:12,13:13,101,60.0,
VT893,08-05-2024,12:12,13:13,101,60.0,
VT893,11-05-2024,12:12,13:13,101,60.0,
VT893,12-05-2024,12:12,13:13,101,60.0,
VT893,13-05-2024,12:12,13:13,101,60.0,
VT893,14-05-2024,12:12,13:13,101,60.0,
VT893,15-05-2024,12:12,13:13,101,60.0,
VT893,18-05-2024,12:12,13:13,101,60.0,
VT893,19-05-2024,12:12,13:13,101,60.0,
VT893,20-05-2024,12:12,13:13,101,60.0,
VT893,21-05-2024,12:12,13:13,101,60.0,
VT893,22-05-2024,12:12,13:13,101,60.0,
VT893,25-05-2024,12:12,13:13,101,60.0,
VT893,26-05-2024,12:12,13:13,101,60.0,
VT893,27-05-2024,12:12,13:13,101,60.0,
VT893,28-05-2024,12:12,13:13,101,60.0,
VT893,29-05-2024,12:12,13:13,101,60.0,
VT893,01-06-2024,12:12,13:13,101,60.0,
VT893,02-06-2024,12:12,13:13,101,60.0,
VT893,03-06-2024,12:12,13:13,101,60.0,
VT893,04-06-2024,12:12,13:13,101,60.0,
VT893,05-06-2024,12:12,13:13,101,60.0,
VT893,08-06-2024,12:12,13:13,101,60.0,
VT893,09-06-2024,12:12,13:13,101,60.0,
VT893,10-06-2024,12:12,13:13,101,60.0,
VT893,11-06-2024,12:12,13:13,101,60.0,
VT893,12-06-2024,12:12,13:13,101,60.0,
VT893,15-06-2024,12:12,13:13,101,60.0,
VT893,16-06-2024,12:12,13:13,101,60.0,
VT893,17-06-2024,12:12,13:13,101,60.0,
VT893,18-06-2024,12:12,13:13,101,60.0,
VT893,19-06-2024,12:12,13:13,101,60.0,
VT893,22-06-2024,12:12,13:13,101,60.0,
VT893,23-06-2024,12:12,13:13,101,60.0,
VT893,24-06-2024,12:12,13:13,101,60.0,
VT893,25-06-2024,12:12,13:13,101,60.0,
VT893,26-06-2024,12:12,13:13,101,60.0,
VT893,29-06-2024,12:12,13:13,101,60.0,
VT893,30-06-2024,12:12,13:13,101,60.0,
VT893,01-07-2024,12:12,13:13,101,60.0,
VT893,02-07-2024,12:12,13:13,101,60.0,
VT893,03-07-2024,12:12,13:13,101,60.0,
VT893,06-07-2024,12:12,13:13,101,60.0,
VT893,07-07-2024,12:12,13:13,101,60.0,
VT893,08-07-2024,12:12,13:13,101,60.0,
VT893,09-07-2024,12:12,13:13,101,60.0,
VT893,10-07-2024,12:12,13:13,101,60.0,
VT893,13-07-2024,12:12,13:13,101,60.0,
VT893,14-07-2024,12:12,13:13,101,60.0,
VT893,15-07-2024,12:12,13:13,101,60.0,
VT893,16-07-2024,12:12,13:13,101,60.0,
VT893,17-07-2024,12:12,13:13,101,60.0,
VT893,20-07-2024,12:12,13:13,101,60.0,
VT893,21-07-2024,12:12,13:13,101,60.0,
VT893,22-07-2024,12:12,13:13,101,60.0,
VT893,23-07-2024,12:12,13:13,101,60.0,
VT893,24-07-2024,12:12,13:13,101,60.0,
VT893,27-07-2024,12:12,13:13,101,60.0,
VT893,28-07-2024,12:12,13:13,101,60.0,
VT893,29-07-2024,12:12,13:13,101,60.0,
VT893,30-07-2024,12:12,13:13,101,60.0,
VT893,31-07-2024,12:12,13:13,101,60.0,
VT893,03-08-2024,12:12,13:13,101,60.0,
VT893,04-08-2024,12:12,13:13,101,60.0,
VT893,05-08-2024,12:12,13:13,101,60.0,
VT893,06-08-2024,12:12,13:13,101,60.0,
VT893,07-08-2024,12:12,13:13,101,60.0,
VT893,10-08-2024,12:12,13:13,101,60.0,
VT893,11-08-2024,12:12,13:13,101,60.0,
VT893,12-08-2024,12:12,13:13,101,60.0,
VT893,13-08-2024,12:12,13:13,101,60.0,
VT893,14-08-2024,12:12,13:13,101,60.0,
VT893,17-08-2024,12:12,13:13,101,60.0,
VT893,18-08-2024,12:12,13:13,101,60.0,
VT893,19-08-2024,12:12,13:13,101,60.0,
VT893,20-08-2024,12:12,13:13,101,60.0,
VT893,21-08-2024,12:12,13:13,101,60.0,
VT893,24-08-2024,12:12,13:13,101,60.0,
VT893,25-08-2024,12:12,13:13,101,60.0,
VT893,26-08-2024,12:12,13:13,101,60.0,
VT893,27-08-2024,12:12,13:13,101,60.0,
VT893,28-08-2024,12:12,13:13,101,60.0,
VT893,31-08-2024,12:12,13:13,101,60.0,
VT893,01-09-2024,12:12,13:13,101,60.0,
VT893,02-09-2024,12:12,13:13,101,60.0,
VT893,03-09-2024,12:12,13:13,101,60.0,
VT893,04-09-2024,12:12,13:13,101,60.0,
VT893,07-09-2024,12:12,13:13,101,60.0,
VT893,08-09-2024,12:12,13:13,101,60.0,
VT893,09-09-2024,12:12,13:13,101,60.0,
VT893,10-09-2024,12:12,13:13,101,60.0,
VT893,11-09-2024,12:12,13:13,101,60.0,
VT893,14-09-2024,12:12,13:13,101,60.0,
VT893,15-09-2024,12:12,13:13,101,60.0,
VT893,16-09-2024,12:12,13:13,101,60.0,
VT893,17-09-2024,12:12,13:13,101,60.0,
VT893,18-09-2024,12:12,13:13,101,60.0,
VT893,21-09-2024,12:12,13:13,101,60.0,
VT893,22-09-2024,12:12,13:13,101,60.0,
VT893,23-09-2024,12:12,13:13,101,60.0,
VT893,24-09-2024,12:12,13:13,101,60.0,
VT893,25-09-2024,12:12,13:13,101,60.0,
VT893,28-09-2024,12:12,13:13,101,60.0,
VT893,29-09-2024,12:12,13:13,101,60.0,
VT893,30-09-2024,12:12,13:13,101,60.0,
VT893,01-10-2024,12:12,13:13,101,60.0,
VT893,02-10-2024,12:12,13:13,101,60.0,
VT893,05-10-2024,12:12,13:13,101,60.0,
VT893,06-10-2024,12:12,13:13,101,60.0,
VT893,07-10-2024,12:12,13:13,101,60.0,
VT893,08-10-2024,12:12,13:13,101,60.0,
VT893,09-10-2024,12:12,13:13,101,60.0,
VT893,12-10-2024,12:12,13:13,101,60.0,
VT893,13-10-2024,12:12,13:13,101,60.0,
VT893,14-10-2024,12:12,13:13,101,60.0,
VT893,15-10-2024,12:12,13:13,101,60.0,
VT893,16-10-2024,12:12,13:13,101,60.0,
VT893,19-10-2024,12:12,13:13,101,60.0,
VT893,20-10-2024,12:12,13:13,101,60.0,
VT893,21-10-2024,12:12,13:13,101,60.0,
VT893,22-10-2024,12:12,13:13,101,60.0,
VT893,23-10-2024,12:12,13:13,101,60.0,
VT893,26-10-2024,12:12,13:13,101,60.0,
VT893,27-10-2024,12:12,13:13,101,60.0,
VT893,28-10-2024,12:12,13:13,101,60.0,
VT893,29-10-2024,12:12,13:13,101,60.0,
VT893,30-10-2024,12:12,13:13,101,60.0,
VT893,02-11-2024,12:12,13:13,101,60.0,
VT893,03-11-2024,12:12,13:13,101,60.0,
VT893,04-11-2024,12:12,13:13,101,60.0,
VT893,05-11-2024,12:12,13:13,101,60.0,
VT893,06-11-2024,12:12,13:13,101,60.0,
VT893,09-11-2024,12:12,13:13,101,60.0,
VT893,10-11-2024,12:12,13:13,101,60.0,
VT893,11-11-2024,12:12,13:13,101,60.0,
VT893,12-11-2024,12:12,13:13,101,60.0,
VT893,13-11-2024,12:12,13:13,101,60.0,
VT893,16-11-2024,12:12,13:13,101,60.0,
VT893,17-11-2024,12:12,13:13,101,60.0,
VT893,18-11-2024,12:12,13:13,101,60.0,
VT893,19-11-2024,12:12,13:13,101,60.0,
VT893,20-11-2024,12:12,13:13,101,60.0,
VT893,23-11-2024,12:12,13:13,101,60.0,
VT893,24-11-2024,12:12,13:13,101,60.0,
VT893,25-11-2024,12:12,13:13,101,60.0,
VT893,26-11-2024,12:12,13:13,101,60.0,
VT893,27-11-2024,12:12,13:13,101,60.0,
VT893,30-11-2024,12:12,13:13,101,60.0,
VT893,01-12-2024,12:12,13:13,101,60.0,
VT893,02-12-2024,12:12,13:13,101,60.0,
VT893,03-12-2024,12:12,13:13,101,60.0,
VT893,04-12-2024,12:12,13:13,101,60.0,
VT893,07-12-2024,12:12,13:13,101,60.0,
VT893,08-12-2024,12:12,13:13,101,60.0,
VT893,09-12-2024,12:12,13:13,101,60.0,
VT893,10-12-2024,12:12,13:13,101,60.0,
VT893,11-12-2024,12:12,13:13,101,60.0,
VT893,14-12-2024,12:12,13:13,101,60.0,
VT893,15-12-2024,12:12,13:13,101,60.0,
VT893,16-12-2024,12:12,13:13,101,60.0,
VT893,17-12-2024,12:12,13:13,101,60.0,
VT893,18-12-2024,12:12,13:13,101,60.0,
VT893,21-12-2024,12:12,13:13,101,60.0,
VT893,22-12-2024,12:12,13:13,101,60.0,
VT893,23-12-2024,12:12,13:13,101,60.0,
VT893,24-12-2024,12:12,13:13,101,60.0,
VT893,25-12-2024,12:12,13:13,101,60.0,
VT893,28-12-2024,12:12,13:13,101,60.0,
VT893,29-12-2024,12:12,13:13,101,60.0,
VT893,30-12-2024,12:12,13:13,101,60.0,
AE437,02-01-2024,04:00,06:00,79,60.0,
AE437,04-01-2024,04:00,06:00,79,60.0,
AE437,05-01-2024,04:00,06:00,79,60.0,
AE437,06-01-2024,04:00,06:00,79,60.0,
AE437,07-01-2024,04:00,06:00,79,60.0,
AE437,09-01-2024,04:00,06:00,79,60.0,
AE437,11-01-2024,04:00,06:00,79,60.0,
AE437,12-01-2024,04:00,06:00,79,60.0,
AE437,13-01-2024,04:00,06:00,79,60.0,
AE437,14-01-2024,04:00,06:00,79,60.0,
AE437,16-01-2024,04:00,06:00,79,60.0,
AE437,18-01-2024,04:00,06:00,79,60.0,
AE437,19-01-2024,04:00,06:00,79,60.0,
AE437,20-01-2024,04:00,06:00,79,60.0,
AE437,21-01-2024,04:00,06:00,79,60.0,
AE437,23-01-2024,04:00,06:00,79,60.0,
AE437,25-01-2024,04:00,06:00,79,60.0,
AE437,26-01-2024,04:00,06:00,79,60.0,
AE437,27-01-2024,04:00,06:00,79,60.0,
AE437,28-01-2024,04:00,06:00,79,60.0,
AE437,30-01-2024,04:00,06:00,79,60.0,
AE437,01-02-2024,04:00,06:00,79,60.0,
AE437,02-02-2024,04:00,06:00,79,60.0,
AE437,03-02-2024,04:00,06:00,79,60.0,
AE437,04-02-2024,04:00,06:00,79,60.0,
AE437,06-02-2024,04:00,06:00,79,60.0,
AE437,08-02-2024,04:00,06:00,79,60.0,
AE437,09-02-2024,04:00,06:00,79,60.0,
AE437,10-02-2024,04:00,06:00,79,60.0,
AE437,11-02-2024,04:00,06:00,79,60.0,
AE437,13-02-2024,04:00,06:00,79,60.0,
AE437,15-02-2024,04:00,06:00,79,60.0,
AE437,16-02-2024,04:00,06:00,79,60.0,
AE437,17-02-2024,04:00,06:00,79,60.0,
AE437,18-02-2024,04:00,06:00,79,60.0,
AE437,20-02-2024,04:00,06:00,79,60.0,
AE437,22-02-2024,04:00,06:00,79,60.0,
AE437,23-02-2024,04:00,06:00,79,60.0,
AE437,24-02-2024,04:00,06:00,79,60.0,
AE437,25-02-2024,04:00,06:00,79,60.0,
AE437,27-02-2024,04:00,06:00,79,60.0,
AE437,29-02-2024,04:00,06:00,79,60.0,
AE437,01-03-2024,04:00,06:00,79,60.0,
AE437,02-03-2024,04:00,06:00,79,60.0,
AE437,03-03-2024,04:00,06:00,79,60.0,
AE437,05-03-2024,04:00,06:00,79,60.0,
AE437,07-03-2024,04:00,06:00,79,60.0,
AE437,08-03-2024,04:00,06:00,79,60.0,
AE437,09-03-2024,04:00,06:00,79,60.0,
AE437,10-03-2024,04:00,06:00,79,60.0,
AE437,12-03-2024,04:00,06:00,79,60.0,
AE437,14-03-2024,04:00,06:00,79,60.0,
AE437,15-03-2024,04:00,06:00,79,60.0,
AE437,16-03-2024,04:00,06:00,79,60.0,
AE437,17-03-2024,04:00,06:00,79,60.0,
AE437,19-03-2024,04:00,06:00,79,60.0,
AE437,21-03-2024,04:00,06:00,79,60.0,
AE437,22-03-2024,04:00,06:00,79,60.0,
AE437,23-03-2024,04:00,06:00,79,60.0,
AE437,24-03-2024,04:00,06:00,79,60.0,
AE437,26-03-2024,04:00,06:00,79,60.0,
AE437,28-03-2024,04:00,06:00,79,60.0,
AE437,29-03-2024,04:00,06:00,79,60.0,
AE437,30-03-2024,04:00,06:00,79,60.0,
AE437,31-03-2024,04:00,06:00,79,60.0,
AE437,02-04-2024,04:00,06:00,79,60.0,
AE437,04-04-2024,04:00,06:00,79,60.0,
AE437,05-04-2024,04:00,06:00,79,60.0,
AE437,06-04-2024,04:00,06:00,79,60.0,
AE437,07-04-2024,04:00,06:00,79,60.0,
AE437,09-04-2024,04:00,06:00,79,60.0,
AE437,11-04-2024,04:00,06:00,79,60.0,
AE437,12-04-2024,04:00,06:00,79,60.0,
AE437,13-04-2024,04:00,06:00,79,60.0,
AE437,14-04-2024,04:00,06:00,79,60.0,
AE437,16-04-2024,04:00,06:00,79,60.0,
AE437,18-04-2024,04:00,06:00,79,60.0,
AE437,19-04-2024,04:00,06:00,79,60.0,
AE437,20-04-2024,04:00,06:00,79,60.0,
AE437,21-04-2024,04:00,06:00,79,60.0,
AE437,23-04-2024,04:00,06:00,79,60.0,
AE437,25-04-2024,04:00,06:00,79,60.0,
AE437,26-04-2024,04:00,06:00,79,60.0,
AE437,27-04-2024,04:00,06:00,79,60.0,
AE437,28-04-2024,04:00,06:00,79,60.0,
AE437,30-04-2024,04:00,06:00,79,60.0,
AE437,02-05-2024,04:00,06:00,79,60.0,
AE437,03-05-2024,04:00,06:00,79,60.0,
AE437,04-05-2024,04:00,06:00,79,60.0,
AE437,05-05-2024,04:00,06:00,79,60.0,
AE437,07-05-2024,04:00,06:00,79,60.0,
AE437,09-05-2024,04:00,06:00,79,60.0,
AE437,10-05-2024,04:00,06:00,79,60.0,
AE437,11-05-2024,04:00,06:00,79,60.0,
AE437,12-05-2024,04:00,06:00,79,60.0,
AE437,14-05-2024,04:00,06:00,79,60.0,
AE437,16-05-2024,04:00,06:00,79,60.0,
AE437,17-05-2024,04:00,06:00,79,60.0,
AE437,18-05-2024,04:00,06:00,79,60.0,
AE437,19-05-2024,04:00,06:00,79,60.0,
AE437,21-05-2024,04:00,06:00,79,60.0,
AE437,23-05-2024,04:00,06:00,79,60.0,
AE437,24-05-2024,04:00,06:00,79,60.0,
AE437,25-05-2024,04:00,06:00,79,60.0,
AE437,26-05-2024,04:00,06:00,79,60.0,
AE437,28-05-2024,04:00,06:00,79,60.0,
AE437,30-05-2024,04:00,06:00,79,60.0,
AE437,31-05-2024,04:00,06:00,79,60.0,
AE437,01-06-2024,04:00,06:00,79,60.0,
AE437,02-06-2024,04:00,06:00,79,60.0,
AE437,04-06-2024,04:00,06:00,79,60.0,
AE437,06-06-2024,04:00,06:00,79,60.0,
AE437,07-06-2024,04:00,06:00,79,60.0,
AE437,08-06-2024,04:00,06:00,79,60.0,
AE437,09-06-2024,04:00,06:00,79,60.0,
AE437,11-06-2024,04:00,06:00,79,60.0,
AE437,13-06-2024,04:00,06:00,79,60.0,
AE437,14-06-2024,04:00,06:00,79,60.0,
AE437,15-06-2024,04:00,06:00,79,60.0,
AE437,16-06-2024,04:00,06:00,79,60.0,
AE437,18-06-2024,04:00,06:00,79,60.0,
AE437,20-06-2024,04:00,06:00,79,60.0,
AE437,21-06-2024,04:00,06:00,79,60.0,
AE437,22-06-2024,04:00,06:00,79,60.0,
AE437,23-06-2024,04:00,06:00,79,60.0,
AE437,25-06-2024,04:00,06:00,79,60.0,
AE437,27-06-2024,04:00,06:00,79,60.0,
AE437,28-06-2024,04:00,06:00,79,60.0,
AE437,29-06-2024,04:00,06:00,79,60.0,
AE437,30-06-2024,04:00,06:00,79,60.0,
AE437,02-07-2024,04:00,06:00,79,60.0,
AE437,04-07-2024,04:00,06:00,79,60.0,
AE437,05-07-2024,04:00,06:00,79,60.0,
AE437,06-07-2024,04:00,06:00,79,60.0,
AE437,07-07-2024,04:00,06:00,79,60.0,
AE437,09-07-2024,04:00,06:00,79,60.0,
AE437,11-07-2024,04:00,06:00,79,60.0,
AE437,12-07-2024,04:00,06:00,79,60.0,
AE437,13-07-2024,04:00,06:00,79,60.0,
AE437,14-07-2024,04:00,06:00,79,60.0,
AE437,16-07-2024,04:00,06:00,79,60.0,
AE437,18-07-2024,04:00,06:00,79,60.0,
AE437,19-07-2024,04:00,06:00,79,60.0,
AE437,20-07-2024,04:00,06:00,79,60.0,
AE437,21-07-2024,04:00,06:00,79,60.0,
AE437,23-07-2024,04:00,06:00,79,60.0,
AE437,25-07-2024,04:00,06:00,79,60.0,
AE437,26-07-2024,04:00,06:00,79,60.0,
AE437,27-07-2024,04:00,06:00,79,60.0,
AE437,28-07-2024,04:00,06:00,79,60.0,
AE437,30-07-2024,04:00,06:00,79,60.0,
AE437,01-08-2024,04:00,06:00,79,60.0,
AE437,02-08-2024,04:00,06:00,79,60.0,
AE437,03-08-2024,04:00,06:00,79,60.0,
AE437,04-08-2024,04:00,06:00,79,60.0,
AE437,06-08-2024,04:00,06:00,79,60.0,
AE437,08-08-2024,04:00,06:00,79,60.0,
AE437,09-08-2024,04:00,06:00,79,60.0,
AE437,10-08-2024,04:00,06:00,79,60.0,
AE437,11-08-2024,04:00,06:00,79,60.0,
AE437,13-08-2024,04:00,06:00,79,60.0,
AE437,15-08-2024,04:00,06:00,79,60.0,
AE437,16-08-2024,04:00,06:00,79,60.0,
AE437,17-08-2024,04:00,06:00,79,60.0,
AE437,18-08-2024,04:00,06:00,79,60.0,
AE437,20-08-2024,04:00,06:00,79,60.0,
AE437,22-08-2024,04:00,06:00,79,60.0,
AE437,23-08-2024,04:00,06:00,79,60.0,
AE437,24-08-2024,04:00,06:00,79,60.0,
AE437,25-08-2024,04:00,06:00,79,60.0,
AE437,27-08-2024,04:00,06:00,79,60.0,
AE437,29-08-2024,04:00,06:00,79,60.0,
AE437,30-08-2024,04:00,06:00,79,60.0,
AE437,31-08-2024,04:00,06:00,79,60.0,
AE437,01-09-2024,04:00,06:00,79,60.0,
AE437,03-09-2024,04:00,06:00,79,60.0,
AE437,05-09-2024,04:00,06:00,79,60.0,
AE437,06-09-2024,04:00,06:00,79,60.0,
AE437,07-09-2024,04:00,06:00,79,60.0,
AE437,08-09-2024,04:00,06:00,79,60.0,
AE437,10-09-2024,04:00,06:00,79,60.0,
AE437,12-09-2024,04:00,06:00,79,60.0,
AE437,13-09-2024,04:00,06:00,79,60.0,
AE437,14-09-2024,04:00,06:00,79,60.0,
AE437,15-09-2024,04:00,06:00,79,60.0,
AE437,17-09-2024,04:00,06:00,79,60.0,
AE437,19-09-2024,04:00,06:00,79,60.0,
AE437,20-09-2024,04:00,06:00,79,60.0,
AE437,21-09-2024,04:00,06:00,79,60.0,
AE437,22-09-2024,04:00,06:00,79,60.0,
AE437,24-09-2024,04:00,06:00,79,60.0,
AE437,26-09-2024,04:00,06:00,79,60.0,
AE437,27-09-2024,04:00,06:00,79,60.0,
AE437,28-09-2024,04:00,06:00,79,60.0,
AE437,29-09-2024,04:00,06:00,79,60.0,
AE437,01-10-2024,04:00,06:00,79,60.0,
AE437,03-10-2024,04:00,06:00,79,60.0,
AE437,04-10-2024,04:00,06:00,79,60.0,
AE437,05-10-2024,04:00,06:00,79,60.0,
AE437,06-10-2024,04:00,06:00,79,60.0,
AE437,08-10-2024,04:00,06:00,79,60.0,
AE437,10-10-2024,04:00,06:00,79,60.0,
AE437,11-10-2024,04:00,06:00,79,60.0,
AE437,12-10-2024,04:00,06:00,79,60.0,
AE437,13-10-2024,04:00,06:00,79,60.0,
AE437,15-10-2024,04:00,06:00,79,60.0,
AE437,17-10-2024,04:00,06:00,79,60.0,
AE437,18-10-2024,04:00,06:00,79,60.0,
AE437,19-10-2024,04:00,06:00,79,60.0,
AE437,20-10-2024,04:00,06:00,79,60.0,
AE437,22-10-2024,04:00,06:00,79,60.0,
AE437,24-10-2024,04:00,06:00,79,60.0,
AE437,25-10-2024,04:00,06:00,79,60.0,
AE437,26-10-2024,04:00,06:00,79,60.0,
AE437,27-10-2024,04:00,06:00,79,60.0,
AE437,29-10-2024,04:00,06:00,79,60.0,
AE437,31-10-2024,04:00,06:00,79,60.0,
AE437,01-11-2024,04:00,06:00,79,60.0,
AE437,02-11-2024,04:00,06:00,79,60.0,
AE437,03-11-2024,04:00,06:00,79,60.0,
AE437,05-11-2024,04:00,06:00,79,60.0,
AE437,07-11-2024,04:00,06:00,79,60.0,
AE437,08-11-2024,04:00,06:00,79,60.0,
AE437,09-11-2024,04:00,06:00,79,60.0,
AE437,10-11-2024,04:00,06:00,79,60.0,
AE437,12-11-2024,04:00,06:00,79,60.0,
AE437,14-11-2024,04:00,06:00,79,60.0,
AE437,15-11-2024,04:00,06:00,79,60.0,
AE437,16-11-2024,04:00,06:00,79,60.0,
AE437,17-11-2024,04:00,06:00,79,60.0,
AE437,19-11-2024,04:00,06:00,79,60.0,
AE437,21-11-2024,04:00,06:00,79,60.0,
AE437,22-11-2024,04:00,06:00,79,60.0,
AE437,23-11-2024,04:00,06:00,79,60.0,
AE437,24-11-2024,04:00,06:00,79,60.0,
AE437,26-11-2024,04:00,06:00,79,60.0,
AE437,28-11-2024,04:00,06:00,79,60.0,
AE437,29-11-2024,04:00,06:00,79,60.0,
AE437,30-11-2024,04:00,06:00,79,60.0,
AE437,01-12-2024,04:00,06:00,79,60.0,
AE437,03-12-2024,04:00,06:00,79,60.0,
AE437,05-12-2024,04:00,06:00,79,60.0,
AE437,06-12-2024,04:00,06:00,79,60.0,
AE437,07-12-2024,04:00,06:00,79,60.0,
AE437,08-12-2024,04:00,06:00,79,60.0,
AE437,10-12-2024,04:00,06:00,79,60.0,
AE437,12-12-2024,04:00,06:00,79,60.0,
AE437,13-12-2024,04:00,06:00,79,60.0,
AE437,14-12-2024,04:00,06:00,79,60.0,
AE437,15-12-2024,04:00,06:00,79,60.0,
AE437,17-12-2024,04:00,06:00,79,60.0,
AE437,19-12-2024,04:00,06:00,79,60.0,
AE437,20-12-2024,04:00,06:00,79,60.0,
AE437,21-12-2024,04:00,06:00,79,60.0,
AE437,22-12-2024,04:00,06:00,79,60.0,
AE437,24-12-2024,04:00,06:00,79,60.0,
AE437,26-12-2024,04:00,06:00,79,60.0,
AE437,27-12-2024,04:00,06:00,79,60.0,
AE437,28-12-2024,04:00,06:00,79,60.0,
AE437,29-12-2024,04:00,06:00,79,60.0,
